correlation,generative_a,estimated_a,generative_sigmasq,estimated_sigmasq
0.9296463105852424,0.9773542,0.9750554,0.15222512,0.10392629
0.6439136476545907,0.9864762,0.9689853,0.103048176,0.07061685
0.8804728018912075,0.9779107,0.9712685,0.2051762,0.13757107
0.9211589166356664,0.99853396,0.9768903,0.0730382,0.15771051
0.9438303673214692,0.993612,0.9721546,0.09224869,0.18507907
0.8147185868743475,0.9700758,0.96488446,0.061486475,0.071815975
0.9174374617498469,0.97892904,0.97642535,0.11732739,0.1079068
0.9304993699974801,0.9834273,0.98634124,0.15270266,0.12807947
0.8307051468205872,0.9690008,0.96852654,0.13077866,0.073587604
0.8519543518174073,0.9810764,0.95771563,0.23174207,0.21039166
0.8251483565934262,0.983515,0.9596866,0.085028514,0.16162057
0.8381530486121944,0.9643957,0.9669383,0.059301596,0.09133137
0.776130560522242,0.9696542,0.9849196,0.0512691,0.06356082
0.8430449401797606,0.9865117,0.9795178,0.052370496,0.13684842
0.8942355129420516,0.9925776,0.96319854,0.09116201,0.15179163
0.8047207228828915,0.96492136,0.9612817,0.066932246,0.14222045
0.7561475045900183,0.94933546,0.9700567,0.12744305,0.07217644
0.922379465517862,0.9877375,0.96769214,0.099906795,0.11129437
0.9305285541142164,0.98476386,0.9649077,0.18992428,0.09564314
0.8439685598742395,0.9828119,0.96655655,0.1269368,0.08744323
0.8697277669110675,0.9906661,0.96972156,0.03700781,0.124311
0.754317929271717,0.97299933,0.97463095,0.038638324,0.09958031
0.8292398929595718,0.96904236,0.97430104,0.1379338,0.10611284
0.6741055764223056,0.96812093,0.9717679,0.054031707,0.06297854
0.6128236352945411,0.9684612,0.9729652,0.053900674,0.0947833
0.73425010500042,0.95009804,0.96402186,0.0839294,0.03453731
0.9218922635690542,0.9815916,0.98444545,0.086765885,0.08323728
0.687820863283453,0.9541281,0.9810217,0.15328811,0.05128415
0.9458932235728943,0.9859996,0.95288754,0.08705212,0.44618118
0.8331805167220668,0.9526743,0.96824497,0.06424017,0.055132274
0.8872056928227712,0.9968025,0.986112,0.084487304,0.060808484
0.9679968319873278,0.9940807,0.9913321,0.15836008,0.22844999
0.9358393913575653,0.9871551,0.98840195,0.12278088,0.15229645
0.7535513662054648,0.97245145,0.955472,0.11812681,0.088829055
0.6729149796599185,0.9723012,0.986201,0.14519277,0.04759076
0.8761040164160655,0.97539973,0.9848304,0.060815692,0.052758973
0.8006868827475309,0.965347,0.9514515,0.11007629,0.13708635
0.9136504386017543,0.9991009,0.98657763,0.13867047,0.104828835
0.8777224868899475,0.99367565,0.9870606,0.074404195,0.03862738
0.8953965415861663,0.979386,0.9807543,0.22630507,0.11294102
0.9321617126468505,0.99566627,0.9703113,0.11293959,0.21941008
0.8388284113136453,0.9865821,0.97498626,0.10185542,0.04291324
0.7896354145416581,0.9622769,0.9544235,0.09923864,0.07651951
0.92388244752979,0.9777729,0.99697393,0.28426126,0.084215075
0.8086160344641378,0.9497452,0.98493105,0.16954474,0.060033694
0.9107758031032124,0.9729248,0.9664785,0.08919935,0.13057747
0.7646293305173221,0.9779978,0.975239,0.04917084,0.050765947
0.7685168660674643,0.9820505,0.97918224,0.105336525,0.047575854
0.7366662426649706,0.9924356,0.97144234,0.06007747,0.08250217
0.972444721778887,0.9967369,0.99386257,0.08360071,0.062431835
0.8857354469417877,0.98459685,0.9541269,0.14174524,0.19192338
0.8666631466525866,0.96370757,0.9607852,0.06612797,0.061675124
0.7649657158628634,0.96396756,0.987061,0.11202777,0.08842504
0.8117630230520922,0.95727724,0.9634144,0.12238806,0.14156556
0.9098163752655011,0.97469515,0.9795785,0.19643395,0.10987524
0.3917828471313885,0.97037345,0.92119205,0.058160983,0.049742423
0.9314303817215268,0.97699046,0.98116934,0.1040228,0.089505374
0.9318539354157416,0.9838534,0.98294747,0.085516214,0.07879955
0.7565643382573529,0.972546,0.95291954,0.082835175,0.08745441
0.8257093828375314,0.9728627,0.9797263,0.099963814,0.08394617
0.7647714774404254,0.97065294,0.9499701,0.11837668,0.11226499
0.9464200736802948,0.9978908,0.99244857,0.14541358,0.13860087
0.6185692582770331,0.95087534,0.96147233,0.105589345,0.08470097
0.7724140976563905,0.95394474,0.9548435,0.10789934,0.12684429
0.8304802179208717,0.9877102,0.9442887,0.07602007,0.11585708
0.9354518378073512,0.99601084,0.9946728,0.098096214,0.13071479
0.831821055284221,0.96976966,0.96897614,0.05432443,0.10569078
0.9223057372229488,0.97833407,0.9761537,0.07461553,0.15823758
0.8730230760923043,0.99008036,0.97453207,0.18910128,0.12716399
0.5222910491641967,0.931044,0.9240022,0.12433571,0.1024078
0.9036961587846352,0.9801338,0.9802952,0.2914698,0.22961657
0.8046627386509546,0.96998847,0.969024,0.16192694,0.06155352
0.9409977799911199,0.9611232,0.9977512,0.28277212,0.09964876
0.8850973323893296,0.9994332,0.9831505,0.06238379,0.04642086
0.9650329161316645,0.99852514,0.9956396,0.081566304,0.09406446
0.813065940263761,0.9562908,0.97750866,0.26994014,0.08053843
0.9181594806379225,0.98267025,0.9934523,0.11104302,0.08112781
0.9073310213240853,0.9782074,0.97864634,0.11960999,0.13767721
0.8728380833523333,0.990599,0.9846146,0.14883731,0.09288447
0.9381400405601621,0.9888642,0.9956857,0.133554,0.09657218
0.9575127260509041,0.9967499,0.9917307,0.10026755,0.08367259
0.9423195132780531,0.9858449,0.99500996,0.11451437,0.06693106
0.8691657806631226,0.9819813,0.9748302,0.15179566,0.10245855
0.975120467884763,0.9982684,0.98877126,0.31518593,0.14164886
0.894817659270637,0.96763164,0.97040933,0.23958483,0.15707996
0.9340899763599054,0.9820263,0.99074155,0.11303912,0.10147303
0.9120324481297925,0.99564165,0.9854497,0.09873691,0.25099212
0.7980296881187524,0.99473786,0.9591992,0.052225996,0.09265036
0.8732622130488521,0.958712,0.9454942,0.21321794,0.15731274
0.9660086640346561,0.9978601,0.9898315,0.066323176,0.052231837
0.8531109644438578,0.9975095,0.9853873,0.088028766,0.07562745
0.9042247368989474,0.95720613,0.9730594,0.23900984,0.11953644
0.9038973755895022,0.99821806,0.9861824,0.11590549,0.11123841
0.7530449641798567,0.99054825,0.9710004,0.05823806,0.070133775
0.853187668750675,0.9886199,0.98372483,0.1707463,0.09640479
0.8061958647834591,0.99995065,0.9821362,0.12151909,0.08676777
0.6296945658909332,0.95015687,0.94727814,0.06608381,0.10417178
0.8997179028716115,0.985505,0.98478687,0.15283665,0.09284933
0.8340756243024972,0.9776689,0.97079676,0.036466688,0.07689497
0.8574664058656234,0.9973424,0.9773951,0.16556345,0.10542589
0.7550849723398894,0.97072107,0.98192024,0.0818621,0.04791645
0.8596720146880588,0.9945591,0.96961075,0.07705223,0.09776607
0.7310255481021923,0.97104573,0.96074146,0.09376728,0.049943395
0.8537726950907804,0.9662,0.9704941,0.15768701,0.2129751
0.8133898455593822,0.95971614,0.97451824,0.12647605,0.08030013
0.780000912003648,0.96383494,0.9646868,0.11823365,0.069151066
0.9539194316777267,0.9931023,0.981807,0.31903577,0.5574066
0.8257627590510361,0.95421207,0.9791993,0.09750661,0.070311785
0.886749210996844,0.97337663,0.96829104,0.1697917,0.18710475
0.9039263677054707,0.9941513,0.988487,0.1720907,0.35879406
0.9349596438385753,0.98545957,0.9761981,0.08555478,0.14573233
0.872696098784395,0.9769395,0.96014154,0.24328686,0.5007836
0.7903164412657651,0.9693082,0.96798635,0.16139616,0.13005227
0.9111566366265466,0.9985276,0.9773193,0.07703494,0.08731767
0.8846961467845872,0.98830724,0.96953124,0.07665231,0.20416638
0.7834932139728559,0.99329656,0.9734075,0.07175196,0.120761864
0.5416988707954831,0.9687107,0.955896,0.074266754,0.05520473
0.9149574838299354,0.98784107,0.97359097,0.11430058,0.42619896
0.8088688034752138,0.955315,0.9668698,0.16520773,0.14446072
0.7980145200580803,0.9761988,0.96249485,0.14657696,0.051445417
0.9415051420205681,0.96906936,0.9795869,0.17426468,0.17129026
0.7373687734750938,0.98893934,0.963716,0.07711712,0.04180759
0.7747753231012924,0.97453105,0.97060406,0.064432986,0.07540607
0.6965371221484886,0.991911,0.97686374,0.053493556,0.050361205
0.7584496897987592,0.96013635,0.9621291,0.09167819,0.12788634
0.9214619898479594,0.98256993,0.9848269,0.112742975,0.07531408
0.7563859695438782,0.9924001,0.98136544,0.08862824,0.07630348
0.8187494509978039,0.9646742,0.95778596,0.10854884,0.3740453
0.9249559238236953,0.98829573,0.9700309,0.14962253,0.4174275
0.966362425449702,0.99363446,0.9923521,0.14806592,0.11939766
0.9356778227112907,0.99512655,0.99898416,0.04562866,0.028880628
0.8609755079020316,0.9790501,0.98922145,0.049723294,0.074412316
0.9538312073248291,0.9951013,0.9916131,0.07953474,0.056714967
0.9240802083208333,0.99583083,0.98658085,0.15438935,0.29224628
0.8715465901863607,0.98343396,0.9580816,0.07764873,0.11075099
0.920192864771459,0.98788404,0.96431714,0.17057593,0.20485453
0.9599820479281916,0.99909073,0.9960682,0.07777549,0.07389343
0.892446641786567,0.9911153,0.99120015,0.07601816,0.04100552
0.8234003816015265,0.98224586,0.98246455,0.099483274,0.11691889
0.8149093396373585,0.9937968,0.98375237,0.054589085,0.020595767
0.8068879315517261,0.9749801,0.93003637,0.0825131,0.14891198
0.8817042948171792,0.98836195,0.9980827,0.25802115,0.11193158
0.9607422749690998,0.9892501,0.9970063,0.13941081,0.06609938
0.6369159876639506,0.9770549,0.9577759,0.051068533,0.06243894
0.8294368857475429,0.93155533,0.9782145,0.2350099,0.08350451
0.7244308017232068,0.9653841,0.9482413,0.108588725,0.11831658
0.9403428653714614,0.9965657,0.98761165,0.11732063,0.13603553
0.8244930579722318,0.99676573,0.97315985,0.06890899,0.031315196
0.7401150564602258,0.9822559,0.9511643,0.08779961,0.111759745
0.8125483061932247,0.9757034,0.9794624,0.19817598,0.03306443
0.759190428761715,0.9494604,0.9566113,0.20275673,0.049279224
0.9175643742574969,0.98903495,0.987181,0.20948954,0.09369239
0.7477148308593234,0.9649258,0.94817656,0.081658825,0.060975093
0.774758811035244,0.9767477,0.9535783,0.050396647,0.10446464
0.8027080748322993,0.9464315,0.9724271,0.13490745,0.15295863
0.8742372889491558,0.9904537,0.9675662,0.036872372,0.057392288
0.8203484333937336,0.9908936,0.97822857,0.05290683,0.07757203
0.5627633710534842,0.97102356,0.93356776,0.1109622,0.084687866
0.632808227232909,0.9733115,0.9694623,0.10805656,0.08754657
0.77750231000924,0.9493528,0.9537045,0.099490054,0.18883952
0.7864827619310477,0.9871928,0.96054924,0.07335622,0.048298765
0.875569198276793,0.9682534,0.97493845,0.05851377,0.07738319
0.7567202428809714,0.9473795,0.9735898,0.17977092,0.15623514
0.8569990759963039,0.9641187,0.9694501,0.08102432,0.06715112
0.9236624146496585,0.9999057,0.9941839,0.055844553,0.06985874
0.9044085776343104,0.98359245,0.9927127,0.11958464,0.13959226
0.6760795363181453,0.9640459,0.9789261,0.072513044,0.061132863
0.7177072228288913,0.93212134,0.9664721,0.21547556,0.08361237
0.9016234144936579,0.9996551,0.98080033,0.075879514,0.06969946
0.7758279673118692,0.98203874,0.9518234,0.044021867,0.12992905
0.8105641702566809,0.97703016,0.9720966,0.11197365,0.10258996
0.850126600506402,0.97366756,0.95162266,0.0663346,0.12965469
0.8473302053208213,0.9912963,0.99083,0.17545962,0.14929411
0.6158375673502694,0.97147954,0.969126,0.078787185,0.04932815
0.9440835909923704,0.9859406,0.9884888,0.06352894,0.06468198
0.9043633614534458,0.9880242,0.97154576,0.08390739,0.15738912
0.8089728678914715,0.96509326,0.9762421,0.106830634,0.0931029
0.9101592886371545,0.97853273,0.97477704,0.07829666,0.08497017
0.8988461233844934,0.97931427,0.9746654,0.122643344,0.1273807
0.8954590378361511,0.9962102,0.9834316,0.37311134,0.22047026
0.8389876759507038,0.9705404,0.96567506,0.10660932,0.1029712
0.8785468421873688,0.9705212,0.9235526,0.08021866,0.18450359
0.7951465085860343,0.96491086,0.9769876,0.15537089,0.0893783
0.8156364465457863,0.98442626,0.9810732,0.078163125,0.07562293
0.6949614678458713,0.9494812,0.9855583,0.058294613,0.059248317
0.9359927039708159,0.99679947,0.9956021,0.08207966,0.058662176
0.92661788247153,0.9967148,0.9923895,0.0660151,0.086637124
0.9649411397645591,0.99670553,0.9933407,0.09481912,0.17187464
0.9498336553346213,0.9846712,0.9625147,0.14726071,0.2834217
0.6337898311593246,0.9344321,0.9667755,0.1079725,0.07566813
0.8701665846663387,0.982188,0.9904198,0.17232542,0.0791999
0.8262416089664358,0.9803582,0.9629896,0.12445379,0.23190407
0.9200095040380161,0.9927856,0.9911818,0.13273925,0.19775406
0.7762448969795879,0.98959213,0.9745587,0.098722346,0.085522436
0.9220533522134088,0.99062896,0.9848316,0.078636155,0.07722638
0.9330856203424813,0.996991,0.98741454,0.12189129,0.07069375
0.548560882243529,0.9367587,0.95564806,0.1531406,0.05559875
0.8621507446029784,0.99651825,0.9840944,0.07966694,0.07681684
0.9408976515906062,0.9869735,0.9996881,0.083819784,0.12316537
0.7846645146580586,0.9675163,0.91453207,0.13082324,0.15706487
0.7945941223764895,0.9744415,0.9578557,0.10500182,0.20514216
0.529380101520406,0.96711737,0.9537328,0.05143065,0.047249954
0.7418956715826862,0.9829592,0.9390703,0.110943064,0.03815285
0.9013551894207575,0.9788402,0.9631863,0.12799335,0.09862088
0.8734855099420397,0.9702916,0.94314855,0.077924,0.22033113
0.933934359737439,0.9887817,0.96706086,0.17691794,0.1798816
0.7649781959127837,0.95938027,0.94968075,0.075142235,0.0420614
0.9159116316465264,0.9855514,0.9768996,0.06208035,0.114903085
0.5978729194916779,0.9417439,0.9509738,0.069583245,0.06874398
0.8533919575678304,0.98922193,0.9460241,0.13900974,0.23025478
0.7781116244464977,0.98824495,0.9696713,0.06474902,0.05771449
0.787124524498098,0.93335414,0.9607191,0.15252052,0.114593655
0.8186745706982828,0.96835196,0.97603285,0.06571764,0.045549046
0.5885988983955935,0.95313764,0.9582649,0.126746,0.10100903
0.883561998247993,0.98545563,0.9535062,0.06755383,0.075079255
0.7990028440113761,0.9830124,0.9590917,0.13905731,0.09628425
0.9291011244044975,0.98821074,0.9738535,0.07005728,0.08592638
0.580498385993544,0.9203339,0.9489034,0.07359517,0.047524802
0.8660516242064967,0.96505183,0.9583717,0.1082927,0.12472195
0.8212281809127236,0.98194677,0.95938325,0.101583615,0.19401392
0.9115244140976565,0.96935284,0.9686839,0.08820732,0.16249168
0.9104648578594314,0.97943723,0.98636013,0.15185961,0.18864004
0.9131737006948027,0.9804529,0.9695932,0.15013905,0.13051769
0.856130656522626,0.97681653,0.9436468,0.115276285,0.124953575
0.677379381517526,0.98549044,0.95044965,0.038704935,0.0907655
0.8372310609242436,0.99915016,0.9424782,0.11797496,0.10057948
0.9325899703598814,0.99236524,0.9939859,0.10508642,0.08141955
0.6568889635558541,0.97314554,0.95852077,0.09209383,0.12217799
0.8687483709934839,0.96555233,0.9542189,0.16065386,0.11705255
0.830196920787683,0.95786077,0.9332312,0.13627867,0.1607443
0.8833849735398942,0.9807607,0.9772634,0.054381978,0.07505126
0.573807735230941,0.96511304,0.91482747,0.044216793,0.109191455
0.8017379909519637,0.96836025,0.973468,0.11252404,0.09449092
0.8171068844275378,0.96384007,0.9454817,0.062039956,0.14515968
0.8535863583454333,0.9540401,0.93949425,0.08602795,0.08790081
0.5082624170496681,0.93792605,0.94954836,0.12736154,0.056485966
0.8524200496801986,0.9661769,0.96560526,0.16649537,0.14019392
0.8542445369781478,0.97904444,0.9431323,0.31945527,0.30159494
0.6912258049032196,0.9439068,0.92125547,0.04691728,0.095155016
0.5317356629426516,0.936565,0.9337827,0.08296049,0.11459519
0.8776009504038016,0.9738566,0.9467158,0.14417116,0.12962851
0.9533598454393818,0.9843099,0.977259,0.14194846,0.15695463
0.9129516518066071,0.9653895,0.9747546,0.15551783,0.1864697
0.8761137124548497,0.96458215,0.9742345,0.08901775,0.05709004
0.5180924723698894,0.94264394,0.9464895,0.06935622,0.05913529
0.8918371353485414,0.97898513,0.9856296,0.14962211,0.07920876
0.7050803883215533,0.9583014,0.9640354,0.07246945,0.08380017
0.9122326089304357,0.98719984,0.99020994,0.13599283,0.06731407
0.7899697838791354,0.96653235,0.939014,0.16836078,0.10463557
0.7236377425509702,0.9590317,0.9105935,0.05710563,0.08604879
0.9198788475153901,0.9825712,0.98044866,0.0704395,0.14540938
0.9172333649334597,0.95990115,0.97972566,0.2724794,0.2086352
0.8742394009576037,0.9970337,0.9786178,0.13047239,0.13899583
0.5234645578582314,0.9796154,0.97807914,0.04938998,0.10292202
0.9562200808803235,0.98675156,0.98057795,0.19051856,0.18694101
0.8221887607550429,0.99204636,0.979366,0.10236349,0.14487061
0.8579727118908476,0.99413574,0.97927475,0.1033634,0.11483193
0.9397227028908114,0.9777222,0.98034096,0.1585959,0.114590436
0.8413936375745502,0.95646346,0.97297776,0.09040758,0.12742013
0.8063510014040056,0.96116245,0.9749654,0.09586302,0.16309123
0.9187873231492925,0.9696453,0.9822281,0.14692071,0.11481217
0.8800001920007678,0.98041815,0.98222506,0.22511858,0.1403123
0.891068844275377,0.98176014,0.9794918,0.057010107,0.18977371
0.9085745142980571,0.9784245,0.98101723,0.16481303,0.12048816
0.9431917727670911,0.98832214,0.9790076,0.13390297,0.095787965
0.8062448249792998,0.98345876,0.9761036,0.0636641,0.100577794
0.8807814431257724,0.95427525,0.9785079,0.15962507,0.18258728
0.6701709046836187,0.9711366,0.9787003,0.12786987,0.14348818
0.9056373825495302,0.9872318,0.97945493,0.2386885,0.13327625
0.9379247116988468,0.9902722,0.97971934,0.23608048,0.11148415
0.8816538946155783,0.9790711,0.97861415,0.10172223,0.19325739
0.9258039912159647,0.9877899,0.9807383,0.2002821,0.17866553
0.9096451105804424,0.9770141,0.9819208,0.067653544,0.11730323
0.9006846267385068,0.9930861,0.97966695,0.1134859,0.15665944
0.8855931743726974,0.99872077,0.97889024,0.06766563,0.09870695
0.9083663854655419,0.9936538,0.9845547,0.058874633,0.03856648
0.9399462877851511,0.9828179,0.9858662,0.076889455,0.05491376
0.9165307381229524,0.9719344,0.9763141,0.064323194,0.11524666
0.8742393049572197,0.97810215,0.99180734,0.07169251,0.053618
0.9149926199704798,0.9991994,0.98995644,0.10485153,0.08909072
0.9334630938523752,0.98781914,0.9837841,0.07765525,0.06813846
0.7046618266473066,0.9824717,0.9749848,0.10027649,0.10744069
0.6317685430741723,0.935825,0.97555417,0.11728259,0.0709371
0.9116903027612111,0.9989072,0.97628665,0.10087724,0.117065474
0.75925820503282,0.96957827,0.9672923,0.08543385,0.07317935
0.4565327061308245,0.9515989,0.9579535,0.0896915,0.10092938
0.9437100788403154,0.9982887,0.9852081,0.10296342,0.10562082
0.9258472873891495,0.9935893,0.96631175,0.33156514,0.22643568
0.5908901395605582,0.9278065,0.96735686,0.053282693,0.04414187
0.9437792951171805,0.9912629,0.9903898,0.056404922,0.05648665
0.6149042516170065,0.9642902,0.96476376,0.067732625,0.05677976
0.7985257221028884,0.97950685,0.97351503,0.06511434,0.06990289
0.47202668810675236,0.94764704,0.9738629,0.08522704,0.091812976
0.8641249172386671,0.9905691,0.9639665,0.14529842,0.052455373
0.9464380257521029,0.99399394,0.9850652,0.116019785,0.12058377
0.8385549062196248,0.98585135,0.9817141,0.10743223,0.042892538
0.9583440893763575,0.9930942,0.9918527,0.1603971,0.07862455
0.6377343909375637,0.96224874,0.9839495,0.1031165,0.044135462
0.9065624422497689,0.9871782,0.98587173,0.10166519,0.06605053
0.568443713774855,0.9475651,0.97351414,0.08260735,0.045596927
0.8032866691466766,0.98877996,0.9858114,0.07808707,0.06525113
0.8217016548066192,0.96382815,0.98852575,0.1571405,0.07156719
0.9074579338317352,0.9682325,0.95904,0.08121163,0.16162717
0.932317521270085,0.9882951,0.9905071,0.29225767,0.20150076
0.8980439441757767,0.98824906,0.98485404,0.062699296,0.06391899
0.9698322633290533,0.9942348,0.9972486,0.08055103,0.11111524
0.9052339889359557,0.96770984,0.9607243,0.08081399,0.1742486
0.7573391573566294,0.97935015,0.9605786,0.06138072,0.10644926
0.9430177240708961,0.9961959,0.9673984,0.04638936,0.12079667
0.8827183468733873,0.96258485,0.9849115,0.07551987,0.11795421
0.871558206232825,0.99830776,0.92648524,0.07477666,0.15899335
0.9164906099624399,0.9850533,0.97575575,0.09549829,0.13733855
0.9492975891903567,0.99494547,0.98043793,0.09743922,0.1101597
0.7708341233364934,0.9965826,0.9637917,0.1382835,0.10632389
0.6760091842609576,0.95211846,0.95167994,0.0802744,0.105697244
0.8823882015528063,0.9563615,0.95767254,0.11873625,0.14111307
0.7262916731666926,0.9579524,0.91615677,0.18100365,0.1844213
0.7320760803043213,0.9760085,0.9591101,0.120821424,0.104842804
0.8183943455773822,0.98009676,0.97511536,0.12362677,0.088158056
0.9293764535058139,0.99799484,0.9839131,0.15542881,0.24932085
0.5556759507038028,0.94212115,0.938289,0.05472654,0.11251317
0.9278695354781418,0.9831849,0.9557529,0.10749165,0.14499506
0.9067193068772275,0.9835854,0.9531361,0.10310076,0.13795654
0.7041981447925791,0.96075857,0.9711289,0.110659845,0.11337934
0.9512966051864206,0.99623716,0.99836713,0.06733208,0.10792015
0.8289721478885914,0.9606356,0.9636245,0.06163764,0.098938726
0.7039976959907839,0.9601514,0.949818,0.07542071,0.103853345
0.7772933171732685,0.95908177,0.9760616,0.093432,0.072544225
0.7636698066792267,0.9748983,0.95604837,0.099326625,0.1386308
0.8678617114468458,0.954827,0.94588935,0.09231432,0.13851616
0.8382086328345313,0.9695547,0.962609,0.072195455,0.14806102
0.8389253717014867,0.9336239,0.9339448,0.14073502,0.097879834
0.9053718454873819,0.9650748,0.96077794,0.12080307,0.20166408
0.8848562754251016,0.97343737,0.9745165,0.17420465,0.24376793
0.5809480517922072,0.93362826,0.92739123,0.13003628,0.06779009
0.5243694574778299,0.91546136,0.9147413,0.08626152,0.09100279
0.7185887943551774,0.92362845,0.9348061,0.08791083,0.14345501
0.8651412525650102,0.95532346,0.95559585,0.1381927,0.11548954
0.6317753591014365,0.9561178,0.9657836,0.051025745,0.08383866
0.9001797607190428,0.9964193,0.95405704,0.072696805,0.08337037
0.8337483589934359,0.97005373,0.9519468,0.122834675,0.09532726
0.7608883875535501,0.9132115,0.91082776,0.04449332,0.07252959
0.871000156000624,0.9905213,0.9727178,0.1793588,0.09873748
0.7615624062496249,0.9824439,0.9406816,0.13478285,0.23503375
0.8736422785691143,0.9809355,0.95249313,0.11360735,0.11925766
0.9275492781971127,0.98538005,0.97799426,0.09702843,0.085643165
0.9083313453253812,0.98957956,0.974074,0.078115165,0.06867011
0.8145646022584091,0.9259154,0.94452125,0.67193574,0.21260585
0.9206579866319465,0.9944974,0.99349785,0.07857982,0.12682326
0.8050108360433441,0.9662862,0.97083974,0.08035201,0.105592266
0.8567655070620281,0.98861223,0.9866962,0.1362594,0.06956153
0.6999222876891508,0.97255933,0.95227313,0.054964997,0.089333236
0.7548616754467017,0.9453833,0.9481536,0.056442373,0.09320971
0.8720432961731847,0.9524025,0.97142375,0.100603886,0.06314127
0.7644842739370957,0.95668775,0.9758589,0.19898601,0.11119228
0.7738232872931492,0.9988931,0.97635645,0.0964168,0.052961025
0.8562609290437162,0.98925257,0.9531588,0.077444546,0.06075572
0.9465653222612891,0.9948982,0.99698085,0.090580165,0.09545361
0.7531136044544178,0.9390754,0.94747907,0.10600385,0.08621906
0.810121800487202,0.9750705,0.95521104,0.06324594,0.13215077
0.8770971403885616,0.9762668,0.98289984,0.25198036,0.12978233
0.9378425353701415,0.9969491,0.9894393,0.07763751,0.13978487
0.8932765651062604,0.9938821,0.97268444,0.06523322,0.1314011
0.9495962463849855,0.99983925,0.997811,0.1500347,0.10424565
0.8532457489829959,0.9702681,0.9470749,0.19308354,0.084505804
0.8162676490705963,0.9982126,0.95589334,0.07300272,0.09145754
0.9590661082644331,0.9920768,0.9974266,0.20598368,0.12378281
0.9295072060288241,0.98749995,0.9774497,0.16035737,0.1396476
0.7540726482905932,0.9642371,0.9843874,0.14076911,0.08331646
0.7305291301165204,0.9635682,0.93487453,0.06454721,0.056105588
0.9149286837147348,0.9999198,0.988567,0.124903955,0.07880597
0.8717198708794833,0.9994974,0.9770897,0.13823609,0.12726972
0.8429489397957592,0.9620602,0.9866909,0.12707785,0.067484975
0.8643569294277176,0.972324,0.9578786,0.08072814,0.20930527
0.8717469429877719,0.9741392,0.98570347,0.15983951,0.14748915
0.9138241032964131,0.999368,0.9602928,0.13595346,0.3663385
0.948001296005184,0.99583334,0.9911155,0.09154497,0.14763398
0.9665144900579602,0.99233365,0.99701595,0.08906952,0.082109995
0.74975829503318,0.9602858,0.9427662,0.059496973,0.116520174
0.8486856347425389,0.9780816,0.9797548,0.14933592,0.10682101
0.8927225468901875,0.98814243,0.9872938,0.14762035,0.15401323
0.7191023964095855,0.9687295,0.8956242,0.056738626,0.11626132
0.8063900735602942,0.9706939,0.95456976,0.21410927,0.18664712
0.7050630122520489,0.9474088,0.9037111,0.059013788,0.16202472
0.8439682921284077,0.9972327,0.97225684,0.07801725,0.11880283
0.9286307225228901,0.986967,0.98597705,0.39661086,0.41937652
0.8763574574298297,0.98650044,0.9479058,0.0899976,0.20038891
0.9550743162972651,0.9907716,0.9939556,0.082051344,0.2332176
0.8199900639602559,0.97783136,0.9780546,0.11720125,0.08709705
0.7357039348157393,0.9717281,0.95026666,0.074722886,0.10899334
0.6500349201396806,0.95696867,0.981129,0.073241584,0.09127921
0.9169826119304475,0.9784319,0.9770991,0.1357308,0.21348545
0.9188621074484298,0.99164873,0.9714731,0.07126301,0.09036248
0.8829655478621914,0.960796,0.95418257,0.17308281,0.118537866
0.935748766995068,0.98299354,0.95461917,0.25684708,0.14254266
0.8244134736538946,0.9733814,0.9795206,0.1286141,0.12849154
0.9218508874035495,0.9953369,0.97943336,0.10139139,0.1468553
0.9808164352657411,0.9997114,0.9905899,0.12121153,0.17489843
0.884065808263233,0.9986799,0.9356102,0.25013524,0.3009034
0.8930124680498721,0.98102784,0.9742152,0.11729179,0.27054143
0.8745704102816411,0.9897083,0.9604786,0.078629576,0.088188015
0.9121148164592657,0.9885517,0.9662114,0.26091906,0.09686513
0.9193584294337177,0.9945343,0.9949119,0.27422088,0.12746847
0.861814743258973,0.9542334,0.9585717,0.1244307,0.10437368
0.7472715970863884,0.96993816,0.97708094,0.19453102,0.1286374
0.9416705506822026,0.99469346,0.98107916,0.06337839,0.07248189
0.8181143124572497,0.94590026,0.97492486,0.19044724,0.075121544
0.8625057540230161,0.97468716,0.96969724,0.122899614,0.1211681
0.85588508754035,0.98101866,0.98741174,0.05761593,0.096977636
0.912816483265933,0.98790896,0.97011,0.10987929,0.15915795
0.8277394069576277,0.9625502,0.9746726,0.15396787,0.15056887
0.6928477313909256,0.9820935,0.96231467,0.083637185,0.074589886
0.9125134100536401,0.98013395,0.9793566,0.10918513,0.05822801
0.8656285505142021,0.99337643,0.9665177,0.05482684,0.105303496
0.8900836883347534,0.97828865,0.9794984,0.12148919,0.050214365
0.8438615194460777,0.98813534,0.9707051,0.05164693,0.07158228
0.7825437701750807,0.9917416,0.9723616,0.058408305,0.107251786
0.4323290893163573,0.94285005,0.97266275,0.094472386,0.0893482
0.8217976551906208,0.96244276,0.96835476,0.113396704,0.111067355
0.9286594266377065,0.9866,0.9714863,0.1644903,0.19756152
0.8730454441817767,0.99160796,0.9777338,0.09042696,0.048704185
0.8702808251233005,0.96470815,0.96774757,0.118867345,0.16929576
0.8383063612254449,0.95757395,0.9747744,0.2567815,0.18407713
0.9563795375181501,0.9861845,0.9911353,0.11362677,0.0855409
0.6909221556886227,0.9323917,0.9621186,0.084943525,0.087282725
0.9443587534350137,0.99600565,0.9941405,0.10533659,0.07015396
0.8101402325609302,0.9722786,0.9450037,0.0768916,0.120734885
0.9187159948639795,0.9823946,0.9637372,0.104975745,0.13760449
0.8879190716762866,0.9851951,0.9848365,0.10308263,0.06667837
0.888557186228745,0.9786713,0.98665273,0.130727,0.09299706
0.7762104328417314,0.9591972,0.9421817,0.12599312,0.08009378
0.7407845631382526,0.9748743,0.93689394,0.14766721,0.13842484
0.9081266725066901,0.99537593,0.98978543,0.10239818,0.06984061
0.8418486793947176,0.971848,0.97874063,0.16934335,0.09920894
0.8811416365665462,0.9908424,0.98371387,0.08319253,0.1048744
0.7708555314221256,0.9667211,0.928,0.06488926,0.07128265
0.7771680366721467,0.99035716,0.98262495,0.05547973,0.06373803
0.6164118416473666,0.9418743,0.91325337,0.07915511,0.08917524
0.7369048036192144,0.9543451,0.9219458,0.11194957,0.13108264
0.9265197700790804,0.990856,0.9842987,0.0925278,0.1977336
0.8530237960951843,0.9565567,0.95443404,0.11171693,0.103794605
0.7209531878127512,0.9369535,0.9672596,0.16567071,0.0785509
0.8518940635762543,0.9814442,0.9896963,0.14538772,0.08367337
0.7709132276529105,0.9559176,0.9497867,0.0951185,0.118794106
0.9180948723794895,0.98296654,0.9798245,0.3183726,0.28502077
0.8057287269149077,0.965436,0.97667897,0.09089407,0.12791625
0.5726840507362029,0.93543994,0.91201097,0.06033172,0.12957546
0.6770708362833451,0.9588876,0.8866237,0.101130985,0.06678447
0.7092375889503558,0.94814837,0.94199175,0.041564666,0.119246885
0.44915814863259457,0.95224327,0.9452879,0.07199931,0.1153841
0.9279377917511671,0.98816204,0.9965679,0.06406636,0.11774856
0.7823471613886455,0.94187844,0.97350085,0.09052423,0.07303817
0.9387945711782846,0.9858224,0.97619224,0.06744373,0.09045538
0.7445282901131604,0.9475431,0.9715679,0.07276973,0.05428814
0.9064790179160714,0.9740769,0.95966905,0.09455698,0.15543859
0.5699451597806391,0.9383707,0.98374873,0.06537704,0.08559954
0.6332905331621327,0.97825456,0.9546744,0.07217209,0.067156605
0.8180436561746247,0.9551939,0.95382917,0.115440324,0.11738571
0.8311533726134905,0.9976109,0.9812922,0.069817424,0.115280434
0.9308878835515342,0.9851559,0.9783765,0.12134037,0.115499474
0.8164081936327746,0.96760565,0.967434,0.13172536,0.24469577
0.8960289921159683,0.9900365,0.9813033,0.12675731,0.09758857
0.9523585614342456,0.9954316,0.9731183,0.07130116,0.11355955
0.875061740246961,0.98177093,0.97905135,0.1333484,0.14541179
0.7970872523490093,0.97735983,0.9593305,0.04402569,0.11848116
0.8460953523814094,0.9810697,0.9507852,0.07389348,0.11056349
0.9350820443281772,0.9845058,0.976209,0.16635622,0.3939479
0.9194098856395425,0.9812681,0.9787279,0.08698501,0.07182596
0.6934909339637358,0.99144995,0.94418806,0.08143615,0.13202782
0.8094742778971116,0.9938643,0.95366025,0.06570815,0.07900735
0.786880203520814,0.9698726,0.97017485,0.07190362,0.09715529
0.8827826671306684,0.9928621,0.97399485,0.08394198,0.11204548
0.9739380077520309,0.9922344,0.98567694,0.14018106,0.25386778
0.6242297289189156,0.969448,0.9532584,0.09321187,0.08327382
0.8843914415657661,0.99252725,0.9489822,0.07803129,0.1560895
0.9125900183600733,0.97240573,0.98516685,0.11272483,0.07462382
0.8794095976383904,0.9900519,0.9792142,0.07781405,0.07275861
0.8352160128640514,0.98092294,0.9785683,0.069417395,0.052016445
0.8930403081612327,0.98371017,0.98181397,0.101345666,0.066098705
0.9570270601082403,0.99402064,0.99432355,0.14849688,0.05871123
0.8918554714218857,0.9937167,0.9541639,0.085996,0.16974917
0.7360231360925443,0.9835759,0.96791184,0.049343523,0.08593704
0.8349279157116627,0.9731366,0.994973,0.038460158,0.08728957
0.8667041388165552,0.987497,0.9887757,0.08776292,0.060257975
0.5822118968475873,0.94837767,0.9237064,0.09968554,0.0491455
0.6543548414193656,0.97740847,0.92042303,0.0614199,0.09091849
0.9389808119232476,0.99288845,0.99789387,0.10446863,0.0945458
0.8507379309517237,0.9879697,0.9916851,0.11372566,0.069872975
0.8311751647006589,0.99452275,0.9923342,0.08795437,0.06896253
0.6281080484321937,0.93218964,0.9452843,0.057299096,0.055473503
0.9095552542210167,0.9782825,0.97010154,0.22982383,0.13573006
0.8994041736166943,0.9846028,0.99294156,0.029079532,0.059391517
0.7217929031716126,0.94800496,0.95402426,0.085125916,0.094055176
0.8961499525998103,0.9481757,0.9704361,0.14635453,0.14651854
0.9525612182448729,0.99852604,0.9876222,0.06217668,0.08058889
0.9216565826263305,0.99654806,0.9798406,0.09733522,0.06648329
0.6843997935991745,0.92348397,0.9036305,0.08700104,0.066692494
0.8875739502958011,0.99691325,0.99474305,0.05720587,0.051492732
0.9649312517250067,0.9940245,0.9980437,0.12563346,0.15133575
0.7530319081276325,0.942943,0.97727937,0.114147425,0.07095181
0.9577668390673562,0.9957834,0.9869644,0.058291264,0.14920826
0.7946159144636578,0.9680051,0.9719044,0.1265634,0.053330187
0.8223756735026939,0.9665724,0.9329373,0.060551405,0.074498884
0.8876830067320267,0.97824514,0.9800458,0.17196663,0.1198987
0.841561254245017,0.962047,0.9427002,0.091388285,0.069297805
0.641059076236305,0.9711939,0.9784893,0.040667158,0.037271194
0.8971842607370429,0.97741157,0.95905775,0.05384928,0.08232261
0.935638654554618,0.99792844,0.9926104,0.13111013,0.08873634
0.9592390049560198,0.98041767,0.9815579,0.06393522,0.061513763
0.8929056196224786,0.98898447,0.9987026,0.068357475,0.09460347
0.7367960351841407,0.96258533,0.9740582,0.049849853,0.06931688
0.6933275413101652,0.98249984,0.9283654,0.050188504,0.16317913
0.6740966483865934,0.94298506,0.94705236,0.14682484,0.035373442
0.9135202620810483,0.972306,0.9875597,0.12232362,0.07557999
0.877189108756435,0.9626642,0.9851668,0.07294143,0.066419296
0.4808576674306697,0.9314568,0.9300715,0.063523926,0.067879066
0.8281708326833307,0.94404185,0.9879012,0.056859702,0.072247475
0.7494332377329509,0.96626574,0.9545015,0.0658043,0.04229031
0.8377857511430046,0.956064,0.96785545,0.18478629,0.11252602
0.9137796551186205,0.98216486,0.9762881,0.46174145,0.37118012
0.7613651254605018,0.9626037,0.9504888,0.06601865,0.09191561
0.9695634622538489,0.98957783,0.98364145,0.17042078,0.34088796
0.7676432625730502,0.97219104,0.9853454,0.07665946,0.081495546
0.930067944271777,0.9966783,0.98864895,0.116878614,0.049935263
0.8780940083760335,0.94975287,0.9831291,0.07546249,0.050473496
0.9251819087276348,0.99314153,0.97341025,0.12179296,0.1657647
0.7136204864819459,0.96508896,0.9609869,0.060009267,0.070175156
0.86812571250285,0.981744,0.9735981,0.04750552,0.06610318
0.7902149688598754,0.96813756,0.97819483,0.094866015,0.124398045
0.9244974259897041,0.977743,0.9751233,0.14897835,0.10902634
0.7445146580586322,0.9359594,0.9626222,0.09665381,0.045847673
0.9143017052068206,0.9957392,0.97774035,0.103914075,0.13979393
0.8336812547250189,0.9864244,0.97733897,0.058002174,0.093668826
0.8830992763971056,0.97923857,0.9666081,0.14318538,0.09066024
0.6402737930951724,0.978597,0.97713846,0.09158056,0.040480807
0.8703160572642291,0.9659515,0.9603608,0.0657684,0.06943074
0.9199296317185268,0.9993008,0.98321956,0.20278114,0.1958733
0.8009019236076943,0.9759719,0.971753,0.07489259,0.112529375
0.8921724646898588,0.9871673,0.9913421,0.17769395,0.1834007
0.9011794127176509,0.9728053,0.9775918,0.10375455,0.04706865
0.8434217416869667,0.9718031,0.9728977,0.13902001,0.11139232
0.9594496297985192,0.9905322,0.977444,0.18152395,0.22227415
0.6001103044412177,0.9622787,0.9743207,0.080312304,0.032978285
0.8013920055680221,0.9740829,0.9653438,0.057905592,0.053516097
0.8692632210528841,0.9927337,0.97397166,0.07882232,0.0911464
0.8788526034104135,0.9930008,0.9737579,0.049606875,0.049562905
0.752631874527498,0.9623992,0.9702404,0.05044495,0.062518716
0.8347044268177072,0.95541203,0.9642465,0.07374972,0.10720535
0.942130488521954,0.9895634,0.9719191,0.08111069,0.23159343
0.9031507806031224,0.964556,0.9727256,0.09641567,0.052491352
0.898687722750891,0.98625845,0.9475099,0.06260404,0.09669163
0.8847603710414842,0.9820099,0.97174644,0.054506227,0.07251383
0.6868937875751502,0.939623,0.9402112,0.07712262,0.07990383
0.9190886683546734,0.985937,0.98429954,0.0889123,0.119154096
0.9033023652094607,0.9954791,0.9632079,0.15588476,0.14465979
0.7087359869439478,0.9536154,0.9797902,0.09698812,0.1383545
0.9058902475609902,0.97103465,0.97444785,0.1860631,0.21929967
0.7716578066312265,0.9438169,0.9789941,0.06898916,0.105587125
0.9400339361357445,0.9945914,0.98971707,0.21921211,0.09662177
0.9326207864831458,0.9936664,0.9817813,0.08532746,0.13984597
0.44252241008964033,0.94107515,0.94294834,0.049129803,0.092791334
0.5578922155688623,0.9135741,0.9294261,0.056929015,0.08188398
0.8847140028560114,0.96607226,0.9715629,0.22738321,0.17253162
0.7295262141048564,0.9910385,0.9592036,0.07981366,0.19406556
0.8681112164448657,0.98980945,0.96373916,0.055425182,0.07188842
0.9103003132012528,0.972105,0.9715985,0.10350962,0.0971245
0.8510428281713127,0.97650963,0.9641297,0.08178028,0.23628522
0.8983783135132539,0.97954303,0.9665468,0.16805576,0.2093952
0.8749180276721106,0.97812593,0.9906112,0.16940376,0.06591866
0.8789291157164627,0.96419376,0.9768923,0.17621942,0.07233387
0.7936610946443785,0.9812868,0.9560911,0.10324417,0.11865631
0.7104578498313993,0.9923986,0.9720566,0.07811561,0.16806743
0.8933366613466454,0.99994105,0.94306904,0.1359662,0.20922393
0.712439489757959,0.9672884,0.96257806,0.20523374,0.10738311
0.937621158484634,0.99037683,0.9843761,0.10891976,0.28264794
0.8818929355717423,0.98049295,0.96980953,0.09988069,0.1994495
0.7470384121536485,0.9421438,0.9776884,0.13890123,0.12641005
0.7770774123096492,0.9845971,0.9710892,0.12559499,0.10920717
0.9196946227784911,0.98691046,0.9751246,0.17430568,0.21894616
0.7568274753099012,0.9725117,0.9479726,0.06452212,0.09608646
0.9116339505358021,0.9855731,0.97175545,0.10092457,0.08220633
0.8934795099180396,0.97915673,0.9933401,0.07794704,0.08784591
0.8298150312601249,0.9422116,0.9634607,0.1386276,0.082904644
0.7734487897951591,0.96184397,0.9681701,0.06705212,0.06772388
0.7879473437893751,0.9685156,0.97329575,0.058776543,0.05855117
0.9401738086952347,0.98802024,0.99457216,0.11849698,0.2171494
0.8577558196094183,0.9887359,0.96898586,0.19675954,0.064896844
0.8258602954411817,0.98081446,0.97972244,0.09523677,0.07276595
0.8826927147708591,0.98792934,0.9707447,0.10964098,0.115259826
0.8642194568778274,0.987098,0.96579844,0.11038399,0.1974194
0.9405465781863127,0.9908835,0.9970668,0.13243511,0.095530264
0.963005964023856,0.9988287,0.9925309,0.08057571,0.15567587
0.9539204876819507,0.9938567,0.989625,0.12769622,0.09440315
0.9365802263209053,0.981388,0.98707736,0.38970158,0.30684948
0.8017746630986523,0.95222276,0.95429707,0.071760036,0.03363139
0.8999070236280944,0.9772844,0.97022104,0.1597031,0.13414022
0.8527080508322032,0.9807115,0.9779689,0.053367976,0.14366667
0.8408014112056449,0.9595305,0.98163205,0.1629923,0.07928685
0.5921468805875224,0.97704417,0.94731265,0.10652075,0.06982705
0.6073309733238933,0.97217464,0.93472576,0.050941117,0.22540957
0.7914761259045036,0.9655665,0.98251146,0.06936171,0.039138142
0.8708989715958863,0.97170204,0.99334043,0.16561179,0.06551829
0.8687909951639806,0.9945138,0.999154,0.09250382,0.04790898
0.7402778731114924,0.9614636,0.9748731,0.04600625,0.043776315
0.7555827343309374,0.9347975,0.981007,0.09698523,0.02579201
0.9282016968067871,0.9900094,0.9923912,0.14613387,0.17655696
0.9415693662774651,0.9934909,0.9914073,0.29875275,0.052402057
0.7608987555950223,0.9827112,0.9636331,0.086447634,0.05897086
0.8910130680522721,0.98870516,0.9853887,0.04792785,0.08652121
0.8835803343213373,0.9874764,0.9698358,0.07849696,0.099691
0.9254567578270313,0.99195534,0.9980241,0.10623569,0.046657402
0.9130845163380653,0.982966,0.9830764,0.114804804,0.10733619
0.5001727526910107,0.93877965,0.9783235,0.17445439,0.04591497
0.8262362329449318,0.9791905,0.96967036,0.08632095,0.033374023
0.8950602522410089,0.98226,0.9660345,0.051225744,0.034003805
0.9162265129060514,0.99957484,0.97625804,0.13350673,0.06394068
0.8851446605786423,0.9757055,0.98390526,0.09873564,0.05617014
0.7932822771291085,0.9890233,0.9680861,0.054919913,0.053036638
0.6769573638294553,0.97278315,0.97388625,0.030973118,0.04177722
0.9437469429877717,0.99433213,0.9935462,0.08353087,0.05848091
0.879560894243577,0.98940283,0.9811554,0.07442463,0.059902247
0.9007090108360433,0.99344534,0.970434,0.072053246,0.16913378
0.897077700310801,0.9722316,0.98763704,0.07676178,0.04481299
0.7548200112800451,0.96921194,0.96956354,0.09171282,0.10283323
0.9216596546386185,0.98865765,0.9925216,0.046881013,0.024997162
0.92224746498986,0.97453886,0.9809283,0.05740685,0.061496343
0.7884797619190477,0.9817078,0.96479315,0.057686012,0.08244632
0.6255808383233532,0.93550676,0.98509216,0.16523258,0.08029101
0.9260133680534721,0.9855362,0.98395085,0.13128687,0.1526197
0.9288554594218377,0.9817942,0.9920244,0.12231101,0.07476296
0.93225166500666,0.99093914,0.99087334,0.09168601,0.062368605
0.9294712058848236,0.99873924,0.9947919,0.116655126,0.16217723
0.8655465661862647,0.9754416,0.9593291,0.083168015,0.12375281
0.8583355933423733,0.9688156,0.96889573,0.060308058,0.08538993
0.9538428233712934,0.996845,0.9929471,0.1081032,0.18169874
0.9599047676190704,0.98888725,0.99916404,0.07387599,0.06515964
0.8788326353305413,0.9512218,0.9712352,0.112731636,0.098275766
0.8720449281797126,0.9508562,0.9685101,0.27155527,0.10350548
0.8024935139740558,0.962208,0.960534,0.08014788,0.10098615
0.7539152076608306,0.9654216,0.96389186,0.12058472,0.06866859
0.8610145800583202,0.9583293,0.9569835,0.09753651,0.08510264
0.8744098976395904,0.9857654,0.9798481,0.34990197,0.21659331
0.6928963075852302,0.9573203,0.9694386,0.07341722,0.06963793
0.8486071064284256,0.97599643,0.9677852,0.09357666,0.17391117
0.7666460105840424,0.98107255,0.9898121,0.26143965,0.13813004
0.859872655490622,0.9877514,0.98270905,0.082389124,0.13118295
0.8067307789231156,0.9762495,0.99624884,0.061489522,0.074309565
0.8987498349993399,0.9860372,0.97390133,0.096611954,0.091181196
0.9469132276529106,0.99350804,0.9807056,0.11286064,0.14896855
0.8082305929223718,0.9886596,0.9741083,0.16209225,0.05732505
0.7190472921891687,0.97384065,0.96372247,0.04978866,0.048007894
0.5064148896595585,0.9259413,0.91341627,0.05009392,0.066240266
0.9402178728714915,0.9940083,0.9864506,0.24943134,0.26020443
0.8958528314113258,0.97224075,0.9877212,0.14370221,0.19562063
0.7379559118236472,0.9711185,0.98249394,0.076320566,0.043328337
0.9782747290989162,0.99806404,0.9980002,0.121657304,0.09968257
0.9139259597038387,0.97753704,0.97115606,0.06465105,0.04930053
0.9675146220584881,0.99810725,0.9895453,0.06448941,0.06060425
0.8467901071604287,0.951769,0.94416267,0.17881767,0.1052054
0.6254735098940396,0.9577668,0.94291914,0.12765956,0.12743337
0.7214634298537194,0.98079646,0.96161705,0.11709271,0.06975208
0.8367119868479473,0.99721867,0.9790093,0.053585645,0.04566144
0.9221325525302101,0.97922945,0.96389407,0.2875362,0.29058522
0.8508939315757263,0.9713471,0.9729404,0.08621823,0.054864682
0.6244799059196237,0.9600847,0.94224983,0.064279474,0.1797106
0.9077965271861088,0.98384017,0.9584004,0.28489187,0.562197
0.9441725126900505,0.9941419,0.9766982,0.2389986,0.113616586
0.871747998991996,0.9892927,0.96442544,0.11576751,0.07025143
0.8566849627398511,0.9519625,0.9776642,0.22349332,0.086557455
0.9701949527798109,0.994484,0.9912116,0.07169449,0.07532182
0.9157347989391958,0.97586954,0.9890553,0.15985979,0.15879862
0.7146553706214824,0.9832383,0.96166867,0.040048912,0.05800566
0.9321799527198109,0.97462964,0.97040135,0.12479066,0.22968797
0.861247668990676,0.99959743,0.9323788,0.08923438,0.12891987
0.8019369997479989,0.9479442,0.9618822,0.07604828,0.053212095
0.8152031008124032,0.98285514,0.9709589,0.036007706,0.08763638
0.9275137580550322,0.9858613,0.9740152,0.13254349,0.17889686
0.7531429805719223,0.9793655,0.96852535,0.07692024,0.08742908
0.8762767211068844,0.97556955,0.9663298,0.117724925,0.111399785
0.5749739478957916,0.96492064,0.9632053,0.0881955,0.10265598
0.8065246660986644,0.96331483,0.9439425,0.1144674,0.16127893
0.8882408649634598,0.9760711,0.98107344,0.10293038,0.1026504
0.8661725846903388,0.9639401,0.974849,0.13517264,0.19259572
0.7640344161376645,0.9749958,0.95277524,0.08780685,0.08685127
0.7350368281473125,0.9799899,0.97894716,0.13019077,0.107972376
0.9675613742454969,0.9974928,0.99745584,0.09689435,0.0979082
0.8948501074004297,0.969695,0.9639172,0.08317008,0.15788744
0.945245220980884,0.99360144,0.97703284,0.07618518,0.15324426
0.9457799431197724,0.9879727,0.98657817,0.113457985,0.09185551
0.9359170556682226,0.9899958,0.9879334,0.22886588,0.17107677
0.9081674726698906,0.9776173,0.9501956,0.14787677,0.14941798
0.8979703118812474,0.99495035,0.9357839,0.22096613,0.4043794
0.9625426661706646,0.9946406,0.9804258,0.10893854,0.18653983
0.9456105984423937,0.99216604,0.97875965,0.20656298,0.1373878
0.8621536246144983,0.9691123,0.9520456,0.16562158,0.23391157
0.8749051636206544,0.9679377,0.97654307,0.14637911,0.14919326
0.9082723050892204,0.98996747,0.96742356,0.08793255,0.16331889
0.8869307477229909,0.9941886,0.9887993,0.1273675,0.16213876
0.8992339649358596,0.9694824,0.9730234,0.22582385,0.3637118
0.8135521822087287,0.96722746,0.9638965,0.092990614,0.07606579
0.8265316261265044,0.9658135,0.9781579,0.06863493,0.035018537
0.8611023244092976,0.9902822,0.96225214,0.08312129,0.08024766
0.8362642410569642,0.98382586,0.99495596,0.11402442,0.080797166
0.7052667250669001,0.95925397,0.9688698,0.15195872,0.0652539
0.9414786459145836,0.98887837,0.9901404,0.07841137,0.048278965
0.7215388861555446,0.9653355,0.9550275,0.057781003,0.04929403
0.7641370405481622,0.92260015,0.9685398,0.17107046,0.0749115
0.8190180600722404,0.9676834,0.9799121,0.18852961,0.08878089
0.961637766551066,0.996772,0.9917651,0.063340686,0.040045954
0.8986501866007465,0.990007,0.98580486,0.071833715,0.05547345
0.6370934923739695,0.9461561,0.9615867,0.08151653,0.06447033
0.9086805947223788,0.99067,0.99559903,0.08847342,0.0638689
0.9134116856467426,0.98976636,0.9904674,0.21249971,0.08335841
0.8830449401797607,0.9743807,0.98013496,0.09404979,0.06705861
0.9335736862947451,0.9808602,0.9793462,0.09257418,0.084210634
0.8286116664466656,0.9736921,0.9841462,0.13534713,0.046121784
0.8216684386737547,0.95490754,0.9757582,0.0860114,0.053034738
0.9317283669134676,0.9934994,0.9792052,0.07183524,0.04731648
0.9336367585470343,0.9880734,0.9927461,0.089134164,0.053551365
0.8788497233988936,0.98229986,0.99240595,0.1285296,0.11642332
0.7447070428281712,0.9398354,0.9792535,0.047401547,0.060894474
0.8387243468973876,0.9636734,0.9698473,0.06577146,0.063502945
0.9685739862959452,0.99328053,0.995686,0.10700693,0.039053317
0.8792432289729158,0.96616834,0.9713401,0.11947846,0.039116062
0.8827666350665402,0.9805854,0.98001844,0.07973208,0.09994294
0.8836790227160909,0.9845918,0.956073,0.048979796,0.08222022
0.6547350989403957,0.95506334,0.93979555,0.14643936,0.14554626
0.949814359257437,0.99228776,0.9833009,0.04460298,0.088926636
0.8193074052296208,0.9417448,0.9648165,0.1010835,0.097468264
0.6307697550790202,0.94371605,0.94088095,0.10539965,0.060934663
0.7711696446785786,0.9463526,0.9408035,0.11397868,0.112854555
0.9063821535286141,0.99806625,0.9899736,0.099458545,0.12114618
0.8635905583622334,0.9849109,0.9531336,0.07831821,0.14058124
0.9420923763695054,0.9954772,0.9940994,0.1635734,0.18401569
0.900623666494666,0.99230736,0.97190654,0.06129358,0.105004676
0.9571013644054576,0.99934727,0.9993023,0.14045644,0.15539749
0.9555145740582962,0.9979703,0.99667805,0.112111405,0.16139312
0.6221069684278736,0.97967803,0.94956,0.06609476,0.115280904
0.8649927399709598,0.975508,0.9336838,0.12567607,0.20399535
0.9282932811731246,0.98083115,0.98719,0.07622103,0.07644663
0.8460391921567686,0.97573656,0.9608529,0.051768642,0.09276472
0.9306563306253224,0.9898336,0.97872657,0.08139622,0.11617404
0.8770653642614571,0.98859316,0.977214,0.15037636,0.085615546
0.8803472333889335,0.98887986,0.9610373,0.13061447,0.11794161
0.6989588278353114,0.9625091,0.90676934,0.06380249,0.1382896
0.8049646598586393,0.9611049,0.91153735,0.15576494,0.22943348
0.7366214104856419,0.9794709,0.94165283,0.072311185,0.095966674
0.9288410593642374,0.98042834,0.9847305,0.13863596,0.14117868
0.6381786807147227,0.9613409,0.9114343,0.0972711,0.08861497
0.8317936951747806,0.9667732,0.936857,0.07252809,0.0842025
0.5905546182184729,0.9593389,0.9414637,0.057036743,0.092799425
0.9121449605798423,0.98027277,0.98113716,0.20387985,0.18928021
0.9387086508346034,0.973208,0.98020506,0.08970726,0.11052509
0.8716640946563786,0.98663014,0.96808577,0.1870576,0.13042271
0.9096519266077063,0.987878,0.9571837,0.111298956,0.36464864
0.9297583430333721,0.9865765,0.98388636,0.05845756,0.107022755
0.7763912015648062,0.96436507,0.9346777,0.14524928,0.1711658
0.9373297973191893,0.98242396,0.9746165,0.121172436,0.26220122
0.7382270169080677,0.9314355,0.90054774,0.05701428,0.124534935
0.8503931935727743,0.9644273,0.96815974,0.14843851,0.20003413
0.8652875571502285,0.9889809,0.9837002,0.09515413,0.0662922
0.9135717182868731,0.9893895,0.9807331,0.09518238,0.14367893
0.793689894759579,0.97472334,0.9586096,0.112718254,0.17272016
0.7813515414061656,0.98318493,0.9365199,0.08258208,0.1084832
0.6594200136800547,0.96310675,0.91915715,0.07402263,0.17360246
0.46204312817251264,0.9567113,0.9568142,0.051142383,0.100736335
0.9014159576638306,0.989585,0.9739691,0.07749506,0.19996199
0.7718756315025259,0.95113724,0.96464384,0.08114574,0.06901418
0.9101905847623389,0.9807103,0.9629271,0.13969472,0.13280354
0.8689189636758546,0.97638935,0.9834496,0.14515606,0.15915373
0.9060394321577285,0.97848386,0.97260374,0.15291786,0.22120677
0.9147488749954998,0.97854966,0.97594285,0.22683316,0.11438918
0.858931179724719,0.9895163,0.9890377,0.09524574,0.11227549
0.9048907875631502,0.9810238,0.97431004,0.11159072,0.13998415
0.7997217908871634,0.9641966,0.93106765,0.13757247,0.1651958
0.7520375361501446,0.9782042,0.95200205,0.06221565,0.057718642
0.8881832647330589,0.98415166,0.97865427,0.059593003,0.09790925
0.9344943299773198,0.99276304,0.9951428,0.1013087,0.15977578
0.9403456493825975,0.97781533,0.9834123,0.15838905,0.15396455
0.6792953571814287,0.92554146,0.9754789,0.08564292,0.08325624
0.9353219492877972,0.98750895,0.97442514,0.059172466,0.06844425
0.481564998259993,0.92751694,0.94220316,0.078534566,0.051054645
0.8716356785427142,0.98207796,0.9592137,0.11974501,0.11449166
0.8620959283837135,0.9692997,0.9583843,0.3029205,0.082068756
0.7147541550166201,0.97519785,0.95697635,0.080180235,0.074415736
0.8443690734762938,0.94946766,0.95123756,0.24616937,0.14567585
0.912947715790863,0.99093926,0.99919206,0.41568038,0.2216211
0.8470192600770402,0.97974426,0.939315,0.102565095,0.101007715
0.8834934539738158,0.9682681,0.97257024,0.20331205,0.07061355
0.8894156216624866,0.9903336,0.9751292,0.18335651,0.113674924
0.8587767151068605,0.95455444,0.9761411,0.10295439,0.08523897
0.7583251773007091,0.93867433,0.954003,0.100369416,0.07619536
0.9425896583586333,0.98717636,0.9937056,0.16384403,0.19051164
0.7765990423961695,0.94928247,0.97246575,0.09082496,0.09290115
0.8014546938187752,0.94211245,0.9709363,0.16860104,0.074160956
0.7789243636974548,0.9859804,0.94764453,0.10659914,0.09742185
0.5789627638510554,0.942215,0.94112843,0.040790442,0.048104323
0.86137659750639,0.9554947,0.95731777,0.108705066,0.09169314
0.7769167076668306,0.92615145,0.9353474,0.056912135,0.10519778
0.5815202140808563,0.96320736,0.9371557,0.14004478,0.12134408
0.7870334201336805,0.9530487,0.96584094,0.20495413,0.11351399
0.9465561062244249,0.98999774,0.98124707,0.05753605,0.06745124
0.8986954987819951,0.97517675,0.9689143,0.07081958,0.07849882
0.8840380641522566,0.973522,0.97740525,0.041376777,0.095725
0.9168401473605895,0.9645682,0.9729264,0.12350763,0.089486465
0.9851671726686907,0.9967034,0.99172074,0.12927772,0.16907
0.8743629534518138,0.9970476,0.96219414,0.072555326,0.121565334
0.8234210216840867,0.9749203,0.9747699,0.13681221,0.21822114
0.7845190740762963,0.9670237,0.95140094,0.09222949,0.11552777
0.8420461521846087,0.973691,0.95161337,0.17978534,0.07890671
0.9495820383281532,0.9910522,0.99142694,0.07989708,0.08493428
0.8951795807183229,0.9906063,0.9967358,0.10315412,0.12145626
0.8855905823623295,0.9792286,0.9794469,0.26197174,0.16413626
0.7192983331933327,0.96593314,0.93600124,0.10930374,0.112406
0.7764795219180877,0.9706882,0.9311969,0.06527879,0.1615234
0.7640342241368965,0.9703834,0.96354246,0.081852265,0.120708205
0.8839213276853106,0.98180103,0.97391284,0.07180596,0.18442152
0.8776779427117708,0.9713495,0.94098216,0.06358463,0.08737973
0.8626176151732837,0.9847563,0.9481904,0.061517194,0.13142915
0.8161281605126419,0.9779862,0.9684889,0.10363366,0.16350548
0.8667554990219961,0.9765508,0.9752523,0.11168247,0.11333159
0.8514079176316706,0.97100866,0.98121995,0.10293269,0.10574561
0.9080232800931204,0.98232883,0.9866686,0.11545554,0.10082302
0.8875372781491124,0.96396285,0.97371536,0.11734502,0.09381855
0.7462682970731882,0.9700478,0.95955163,0.063112214,0.112006135
0.8326401305605222,0.96362174,0.9682777,0.0761194,0.05324375
0.8319938559754239,0.99760157,0.97823304,0.11280368,0.088497676
0.8969655718622873,0.99793106,0.9733974,0.07176865,0.07289364
0.8046771387085547,0.9545105,0.96739554,0.10030516,0.06268631
0.9006775923266318,0.9881242,0.98670715,0.13992909,0.06376984
0.8347737390949563,0.9768728,0.9725838,0.07387357,0.1736904
0.8081344005376021,0.98071176,0.9602505,0.12751888,0.06501059
0.8242703370813482,0.9906643,0.96812063,0.11046105,0.14692359
0.9042206088824354,0.9955947,0.98571163,0.07875087,0.04432418
0.6578882315529262,0.9585115,0.9781654,0.13885312,0.039368637
0.8296439585758343,0.9738896,0.9721667,0.062132932,0.12174064
0.4570413161652647,0.9508888,0.9733601,0.050633382,0.06404881
0.7262413689654759,0.9549111,0.97152406,0.048832748,0.04076283
0.8388265873063492,0.97260386,0.96834236,0.08065584,0.09140916
0.8686996987987952,0.98097223,0.98540646,0.16403289,0.037276722
0.8637942711770847,0.97905713,0.968737,0.19674104,0.13880579
0.8739724238896955,0.99515295,0.9749243,0.05531506,0.07295649
0.807381181524726,0.9845621,0.96108717,0.05464774,0.043619484
0.5184185856743426,0.95622534,0.9730167,0.06985212,0.08601089
0.8565099540398161,0.98708045,0.96507007,0.06817528,0.114410184
0.9442204168816674,0.98411185,0.9752613,0.07069328,0.097150765
0.87662952251809,0.99306256,0.9899352,0.08357436,0.06871881
0.7820135600542402,0.9594097,0.9797454,0.23471078,0.05073428
0.8893002292009168,0.9798249,0.98984355,0.13960989,0.09304836
0.9200068160272642,0.9796223,0.9833948,0.08339908,0.124643356
0.8539808239232957,0.98934925,0.98222995,0.13257371,0.098942496
0.8667027948111792,0.99796486,0.9651846,0.12626657,0.17242344
0.9350456601826406,0.9958578,0.9845127,0.06781929,0.038332656
0.8846964347857391,0.972902,0.9747029,0.13825469,0.15387875
0.8651107244428978,0.9863046,0.996919,0.044647988,0.07323999
0.8925043380173521,0.9893806,0.9859144,0.13299312,0.14115597
0.7875606542426169,0.97156054,0.9641467,0.11158357,0.17086399
0.7855356221424885,0.96115226,0.9733066,0.20078593,0.15013395
0.8799671678686714,0.9833395,0.9670241,0.05512444,0.10615248
0.6801702086808346,0.98087496,0.98206055,0.06658973,0.08970726
0.8012215088860355,0.9729145,0.9920041,0.12285919,0.06369322
0.7703688094752379,0.94963104,0.9716905,0.06839672,0.059768606
0.7446977307909232,0.9760419,0.95944375,0.2055168,0.1299115
0.7104640898563594,0.97496325,0.9573991,0.056085285,0.065793656
0.7947264779793476,0.9507385,0.94135195,0.49276754,0.2501283
0.9690414121656488,0.9960552,0.97145605,0.18869613,0.23079164
0.9166171384685537,0.99878174,0.98601276,0.11565785,0.12237439
0.8057939111756447,0.9763366,0.9664982,0.05585121,0.105937146
0.7604296977187909,0.9615103,0.97205085,0.04872321,0.07386639
0.902566234264937,0.98879516,0.96154875,0.049674895,0.06388547
0.9332295249180996,0.99321735,0.99248034,0.31803477,0.21343406
0.8531965967863872,0.96807045,0.9794103,0.14059119,0.16069302
0.9358522554090216,0.9936375,0.997069,0.09241648,0.05536249
0.9200106560426241,0.9989051,0.97868013,0.06480867,0.051725917
0.8454290137160548,0.9689085,0.9810814,0.103252225,0.08217918
0.9143618014472056,0.96733975,0.9723397,0.16734707,0.075910546
0.6372676370705482,0.9603861,0.95743066,0.07953406,0.11861286
0.8613465493861975,0.9719631,0.98074675,0.23408784,0.1023995
0.7096988707954831,0.97219634,0.9301294,0.09543866,0.099667884
0.930376681506726,0.98598427,0.98492396,0.09952605,0.060182266
0.9341078324313296,0.9897827,0.9812756,0.08634812,0.1062775
0.5700248400993604,0.9982143,0.903365,0.0767057,0.1342731
0.9353915495661981,0.9963477,0.9931711,0.13668226,0.07848607
0.9573308053232213,0.99956113,0.9827841,0.06038172,0.089159735
0.9248136512546049,0.9958608,0.9648799,0.06932196,0.14974047
0.8257044868179473,0.9748726,0.91891617,0.07619288,0.11831325
0.956942771771087,0.9936452,0.9886062,0.083720125,0.090201735
0.8950708122832491,0.9809954,0.9465048,0.10123593,0.1013303
0.8789125076500306,0.9838772,0.9878572,0.17506243,0.13668567
0.9058387913551653,0.9978799,0.9710577,0.18666644,0.11686906
0.8569227556910228,0.9880463,0.9780508,0.06431732,0.07990225
0.9483638894555577,0.99827003,0.99320817,0.10992559,0.11244541
0.9196203184812739,0.99003595,0.9730394,0.072820626,0.16907443
0.7598796155184621,0.9815229,0.96270674,0.08000137,0.09924836
0.8725501782007127,0.9743218,0.9651683,0.09800577,0.14185475
0.7235403981615925,0.94971204,0.9456364,0.05916966,0.083944745
0.8048980355921423,0.9587438,0.9163124,0.15828195,0.10490139
0.8832452929811718,0.96816087,0.97128314,0.15386023,0.13163298
0.9072820611282446,0.9886017,0.98094326,0.14812493,0.2406369
0.8603822255289021,0.9955984,0.97815585,0.07984335,0.1023913
0.6076814707258829,0.9602536,0.97095853,0.06524844,0.062473897
0.9473981255925024,0.99501187,0.9982791,0.10006516,0.05471647
0.6918248472993892,0.9540164,0.93887275,0.112806216,0.08498145
0.848620930483722,0.97616273,0.9758804,0.051121745,0.07833278
0.9074298057192227,0.9895493,0.9854731,0.062131997,0.15750514
0.8530862923451693,0.9709684,0.956774,0.1041438,0.08758064
0.9548653234612938,0.9972099,0.98744434,0.16765201,0.13323565
0.9208044832179328,0.99761915,0.9815253,0.09960424,0.07938754
0.8380551282205129,0.96647483,0.96877384,0.21030879,0.06025645
0.4724088656354626,0.9045199,0.8922596,0.10104512,0.06888884
0.8836636626546507,0.99900687,0.9873549,0.15587702,0.13569768
0.7399544478177912,0.93962544,0.91114914,0.14030953,0.11652114
0.9212934131736527,0.99397963,0.9879394,0.13143216,0.09876121
0.621683414733659,0.93543977,0.9569954,0.09059496,0.07743782
0.9136174144696577,0.9912793,0.97758037,0.10508953,0.06886648
0.9311059004236016,0.9905734,0.9858613,0.082022674,0.06437797
0.823873183492734,0.94752777,0.9658029,0.0963948,0.074440606
0.6887346909387637,0.9962599,0.93080425,0.07734263,0.075582035
0.9352196128784513,0.9862185,0.96379673,0.06375485,0.074071035
0.8237993591974369,0.9604528,0.9656339,0.091821946,0.06346869
0.8394800619202476,0.97516555,0.9666701,0.14107418,0.07408617
0.8389893079572318,0.97790414,0.9224875,0.07665509,0.15124896
0.8279804639218555,0.9868172,0.9746363,0.073869154,0.05814725
0.8523513134052535,0.986272,0.9864335,0.116174065,0.08303883
0.42669213876855505,0.953157,0.8920389,0.078623205,0.18091962
0.92225466501866,0.98950136,0.9679864,0.08275626,0.12743762
0.9092960531842128,0.9790122,0.970484,0.13408042,0.1520176
0.9175277981111923,0.9946576,0.97210675,0.16661875,0.18107185
0.9303593054372217,0.99926275,0.9716778,0.10080368,0.10156549
0.6960463681854727,0.9586671,0.95356095,0.065457255,0.087743126
0.8055321181284725,0.95750463,0.9659561,0.12136427,0.09088139
0.9656643106572426,0.9932073,0.99512,0.14044257,0.06442841
0.7275319021276085,0.943658,0.9584657,0.075538754,0.07385825
0.8416482305929224,0.979522,0.970649,0.07249643,0.1663118
0.8534931419725679,0.97465056,0.96365535,0.108649924,0.10641552
0.858759531038124,0.9923587,0.9581227,0.13184284,0.13231868
0.7207680030720123,0.9952363,0.9633121,0.050567195,0.16120769
0.9461986967947871,0.97773874,0.9684354,0.13227396,0.27487206
0.6996261265045061,0.9651856,0.9737435,0.08275366,0.113730334
0.8899526478105911,0.98062956,0.97305,0.06486546,0.055736292
0.85912385249541,0.997428,0.96968573,0.1997612,0.22763844
0.9091097164388657,0.9957042,0.9866311,0.1346896,0.16937594
0.7462369049476197,0.9800291,0.9691138,0.09555753,0.11182011
0.901310261241045,0.98729277,0.9811804,0.071120486,0.101356804
0.9327066108264432,0.99223334,0.98338366,0.12229622,0.1761369
0.931063852255409,0.9964395,0.96484935,0.060139693,0.11970955
0.8632006048024191,0.9946285,0.9548982,0.071856774,0.07808537
0.8913937095748384,0.96550417,0.975152,0.06728635,0.0662417
0.8564953619814478,0.99404365,0.9791819,0.07609066,0.09259584
0.8309867159468638,0.95755464,0.9540799,0.0787709,0.10900285
0.8828463153852615,0.9818382,0.95369166,0.07788479,0.11813399
0.6018516554066216,0.9792334,0.9732098,0.058569647,0.09703578
0.8623440893763575,0.9903419,0.97715896,0.1123466,0.09278109
0.8249158436633744,0.98729223,0.98611325,0.1082799,0.04151683
0.773436501746007,0.9545939,0.94638705,0.06337641,0.06624281
0.8024507938031751,0.9703662,0.9543555,0.07485555,0.05334452
0.7700953043812175,0.9622838,0.9675977,0.09131882,0.07165068
0.9533125172500689,0.98901784,0.98931384,0.20036396,0.18600379
0.8971165804663217,0.98675704,0.98484457,0.082247734,0.08641203
0.7034980139920559,0.94373226,0.9329886,0.053045414,0.06732091
0.8371070284281137,0.9742528,0.9760134,0.06525194,0.068615824
0.8499171276685106,0.96778506,0.96550494,0.14549057,0.17064737
0.7555915663662655,0.9538763,0.9610983,0.076558076,0.061386563
0.8489274597098387,0.9909009,0.9706146,0.11707719,0.14829049
0.9371512366049464,0.9988554,0.9914483,0.10592558,0.07882745
0.9760930243720974,0.99147236,0.9899672,0.14232244,0.070916146
0.8232012768051072,0.97597325,0.9718279,0.09622231,0.13444877
0.9148752115008459,0.9907375,0.94714355,0.068004906,0.11355613
0.9492888531554127,0.99214727,0.980417,0.086834304,0.14337626
0.9252872211488846,0.9907469,0.9805149,0.12884785,0.06946044
0.8552199008796034,0.97804964,0.99207115,0.078389235,0.07749184
0.9082850731402924,0.9989228,0.9799192,0.09860957,0.07667134
0.8118656474625898,0.9869445,0.9680995,0.0998004,0.06287334
0.8713274213096852,0.99183136,0.9721853,0.19886649,0.07045773
0.9111755487021946,0.98636276,0.97474545,0.15064187,0.10638875
0.9240494881979526,0.97577125,0.9851667,0.17663506,0.13857852
0.8888045792183169,0.9593231,0.9819308,0.3628844,0.090385646
0.9061396565586263,0.98259753,0.982661,0.1559871,0.17240572
0.8812826611306446,0.97948223,0.98353624,0.08547386,0.059531257
0.7961680486721946,0.97328293,0.988917,0.14013715,0.04599041
0.9561847527390109,0.99962604,0.984566,0.029918958,0.094576314
0.9466083304333216,0.99804884,0.9758576,0.05928876,0.14872685
0.905562214248857,0.974524,0.9619455,0.17499654,0.13469528
0.9429283477133908,0.9776257,0.9702351,0.1226601,0.16241272
0.8350106680426722,0.979612,0.9709666,0.068343,0.12263051
0.965004308017232,0.9857243,0.9870116,0.2707649,0.18253714
0.8157012468049872,0.97176725,0.97261894,0.1108611,0.08598382
0.9238797595190381,0.98997843,0.9911211,0.10637127,0.068963915
0.47076697106788423,0.9554213,0.9836877,0.112566195,0.06391242
0.8661058644234577,0.97869027,0.98150563,0.09113452,0.11142526
0.858005832023328,0.9828519,0.9820532,0.075552806,0.101888254
0.9559038556154223,0.99437386,0.9935707,0.057811566,0.11018533
0.8294306457225828,0.9824939,0.98616594,0.09705689,0.12481569
0.952823779295117,0.9829332,0.9934816,0.14478736,0.09428279
0.9104856899427598,0.98536986,0.96863097,0.073230036,0.074102886
0.8745751143004572,0.9678376,0.9792701,0.074096255,0.070313476
0.926192600770403,0.9939406,0.99199975,0.08662182,0.12078044
0.7609252517010068,0.9419963,0.9684275,0.19794814,0.09418346
0.7398408793635174,0.9553199,0.95423335,0.11218659,0.08168375
0.8049512198048792,0.9912162,0.97187364,0.19262213,0.08795272
0.8214636698546793,0.97826105,0.981895,0.03295957,0.034653325
0.8530949323797294,0.9616199,0.97371805,0.12174415,0.029117884
0.9537081348325392,0.99217546,0.9876702,0.12443782,0.1560486
0.8685229620918482,0.96673447,0.9796179,0.15611263,0.14213675
0.9151746366985467,0.9988443,0.989232,0.060472284,0.10487846
0.8736136704546817,0.9631581,0.98690355,0.060385324,0.03570187
0.8432686210744842,0.9961339,0.98033166,0.050044924,0.03308554
0.776571298285193,0.9597515,0.9827875,0.054546937,0.05443008
0.6072727970911883,0.9276166,0.9805853,0.086374335,0.019303998
0.8484911379645519,0.98168886,0.97017133,0.05085235,0.075757734
0.8963318733274933,0.9900061,0.9865649,0.09576006,0.0361381
0.8655592382369529,0.9748965,0.97936934,0.04238579,0.07387012
0.8144578498313992,0.9614719,0.9830503,0.07249066,0.0419668
0.952576962307849,0.989957,0.9750777,0.14582649,0.3245452
0.8883450253801015,0.9754571,0.98123926,0.055230405,0.091763295
0.9608474913899655,0.99829125,0.9907297,0.09840787,0.16972981
0.6054697178788715,0.95932704,0.9778685,0.08645956,0.03138087
0.818007176028704,0.9715204,0.9837136,0.15131061,0.1379531
0.908001296005184,0.9662414,0.97790855,0.1405769,0.060253218
0.7336081504326017,0.9572881,0.986736,0.076473355,0.067421205
0.9495858783435133,0.99258524,0.9895872,0.037964217,0.038174618
0.9078558554234215,0.99491805,0.9880519,0.10452342,0.078137405
0.9481010404041617,0.9971947,0.97833663,0.058020942,0.17284466
0.9326727226908907,0.98615086,0.9798262,0.11013635,0.06454341
0.8797765111060444,0.9841022,0.9790595,0.091976374,0.0907651
0.967743966975868,0.995237,0.9966573,0.06476444,0.06780711
0.7958739034956138,0.96296006,0.96708673,0.08342812,0.057098646
0.9597789111156443,0.9918147,0.99271876,0.08556445,0.070011154
0.850127848511394,0.9687314,0.9599506,0.19673242,0.11837578
0.7184881859527439,0.95763046,0.9581234,0.06671447,0.10352043
0.7091489805959224,0.94474036,0.95746034,0.08606182,0.15911682
0.7774891579566318,0.9923512,0.96599877,0.062046837,0.09827945
0.8445938103752414,0.9919955,0.9733293,0.123542845,0.09621607
0.8395656942627769,0.9832848,0.9628027,0.07600494,0.069958456
0.800072960291841,0.9490854,0.96631444,0.19209798,0.08691255
0.8762099048396194,0.97386104,0.97183734,0.1296321,0.093017526
0.8981601046404185,0.9960347,0.97914344,0.065810256,0.10172008
0.8685050100200399,0.98010814,0.9726388,0.08384597,0.18716314
0.8747068268273073,0.9711666,0.9723523,0.2189507,0.10140123
0.8884919059676237,0.9888317,0.97829527,0.06255493,0.061980862
0.8889211236844946,0.9876752,0.97072935,0.076478496,0.093587555
0.8165749462997852,0.97718626,0.9669106,0.08642486,0.109092
0.7129840039360158,0.96600467,0.98122805,0.057171945,0.092930436
0.9241763047052188,0.9808088,0.9874625,0.14667499,0.09098552
0.6043667694670778,0.95264363,0.9647464,0.05861049,0.04054416
0.853689462757851,0.993498,0.97934616,0.09526711,0.07662688
0.865873159492638,0.97155404,0.97473544,0.29854897,0.1184297
0.820378769515078,0.94282585,0.95862085,0.143468,0.17668109
0.9409097476389904,0.98895156,0.9789532,0.08437104,0.17462468
0.9270598682394727,0.9764366,0.97502667,0.13723288,0.06519896
0.6979545678182713,0.93601155,0.94901776,0.09751839,0.092093766
0.9436278065112259,0.99735874,0.9810925,0.09264535,0.05667646
0.8462774651098603,0.9826365,0.9479949,0.0822636,0.09126022
0.8187845871383485,0.96187764,0.95513064,0.11243773,0.096564464
0.8114082056328226,0.9658557,0.96072024,0.1828303,0.096918605
0.7103612734450938,0.99416864,0.96787703,0.06839063,0.112441055
0.8824070176280705,0.9730789,0.9901799,0.115118444,0.06560584
0.9122322249288997,0.9896761,0.9871856,0.12459531,0.12702248
0.8909246516986068,0.97977734,0.9719801,0.10974679,0.10612308
0.8761996327985312,0.998676,0.99418306,0.06335537,0.093832895
0.8103407773631094,0.95677006,0.9614933,0.13599347,0.10047491
0.8951576926307704,0.9789982,0.9793837,0.0757107,0.090949975
0.7702631130524522,0.9742162,0.96516126,0.06722818,0.0409277
0.8484956499825999,0.97247946,0.9452107,0.06967023,0.045210462
0.6222546170184681,0.9590795,0.9241275,0.07844452,0.039909787
0.6969975399901599,0.96189487,0.97489315,0.056799583,0.09810815
0.8585482341929366,0.9907907,0.96977705,0.0529599,0.08733237
0.874377641510566,0.95919365,0.9460485,0.2606505,0.12491408
0.8119861279445117,0.9638031,0.94259715,0.19460057,0.15837681
0.946943755775023,0.99760574,0.99752706,0.23034796,0.21414429
0.6947456589826358,0.95358753,0.9384591,0.044409554,0.062626265
0.8671794367177469,0.9619949,0.9647221,0.26651335,0.15725109
0.4766075384301537,0.95155275,0.9145046,0.055050388,0.059715215
0.9369723623767864,0.99243456,0.95563066,0.09557521,0.2565456
0.8271429565718262,0.9260785,0.9614541,0.16428693,0.17328364
0.8125295861183445,0.95892626,0.96087265,0.08925068,0.093004294
0.8048148032592131,0.97292805,0.9470387,0.0738497,0.056689296
0.48738175752703,0.9379105,0.97519517,0.14279723,0.111584656
0.6321529286117145,0.9663348,0.9798945,0.052402247,0.036841203
0.9055600062400248,0.9741186,0.9935634,0.068499506,0.03806583
0.9633073092292368,0.9995859,0.9921058,0.11785346,0.2803092
0.9252927891711566,0.9915791,0.94691384,0.10581426,0.11925985
0.8771600206400825,0.99963796,0.972802,0.06568928,0.1151448
0.8247747230988923,0.9548302,0.9744533,0.08674817,0.056356005
0.7962845931383726,0.9570042,0.97364503,0.10027843,0.03590398
0.8830837243348975,0.987784,0.9910274,0.13369615,0.08718408
0.601000804003216,0.96759546,0.95575017,0.14593557,0.07225408
0.7083444183779397,0.98414767,0.97487414,0.05703028,0.05996809
0.913120036480146,0.97849107,0.9732429,0.10830426,0.10830726
0.7246738746954987,0.9707478,0.9553622,0.09814242,0.07855998
0.9585784263137053,0.99523306,0.99230146,0.21332243,0.38582602
0.8721698246792987,0.9593651,0.9871884,0.05755642,0.051800527
0.8287680510722042,0.9939126,0.99508566,0.1137964,0.07122015
0.9346125064500258,0.98907876,0.98818034,0.06825858,0.05828687
0.8887048348193393,0.9854317,0.97564065,0.11153453,0.12831303
0.8430295801183204,0.96493363,0.95962435,0.0749843,0.06755289
0.5172805011220044,0.93778634,0.9516049,0.04624784,0.044393715
0.6882769611078443,0.9720687,0.97084725,0.06553786,0.15156099
0.9029486997947992,0.99169195,0.9800699,0.11126396,0.19667248
0.7251362125448502,0.9632052,0.9502186,0.1159208,0.07571911
0.9272663650654601,0.97717017,0.98656327,0.12607062,0.10795209
0.948751347005388,0.9982198,0.98960495,0.06876683,0.108706415
0.8558367033468134,0.9739121,0.988395,0.11024859,0.048773397
0.8987405229620917,0.9752808,0.9643806,0.09541013,0.10757363
0.8865628742514972,0.9906345,0.98880273,0.07730982,0.060293715
0.8047235068940275,0.9668979,0.97254026,0.1017259,0.056572545
0.857377413509654,0.9744551,0.9722901,0.08915026,0.08244475
0.8659162636650547,0.9867278,0.995335,0.13371082,0.090953074
0.8326214104856419,0.98413306,0.96463007,0.074057646,0.091322705
0.7900239280957122,0.94313926,0.97743607,0.101076916,0.07117099
0.7284104976419905,0.9606092,0.9627646,0.09251619,0.10563754
0.8034632138528555,0.98157436,0.9816973,0.07952298,0.095438704
0.6018452233808934,0.9552743,0.9417889,0.039083052,0.037979934
0.7562086568346273,0.9732272,0.9817531,0.05283691,0.07913403
0.7394961419845679,0.9712201,0.9613792,0.105557784,0.09766349
0.9050165480661924,0.9738238,0.9827575,0.095695816,0.05350571
0.9098566954267817,0.99662906,0.97849596,0.06893952,0.093805075
0.6949147156588626,0.9599714,0.98325074,0.09443538,0.052986715
0.8822544730178921,0.98044443,0.9621396,0.1705184,0.1382264
0.8422843291373164,0.96693003,0.97805494,0.1942919,0.066630356
0.7706860907443629,0.98971367,0.9694896,0.13121468,0.08755674
0.8828567794271176,0.97348326,0.988277,0.11627213,0.07156885
0.7436613106452424,0.9430537,0.96491885,0.116211854,0.0835914
0.9068249072996292,0.98637027,0.9844835,0.13266046,0.057706688
0.8982435289741159,0.969559,0.97007805,0.15196498,0.08247021
0.595623534494138,0.9315225,0.90830386,0.123595946,0.095428966
0.7758091512366049,0.9685199,0.93336445,0.053026877,0.044623204
0.9420677042708171,0.9838534,0.9898577,0.060720228,0.09748641
0.7422114168456673,0.9607258,0.95605755,0.083640516,0.0885773
0.8736523586094344,0.96687037,0.9355027,0.13257892,0.08784666
0.7780484561938248,0.9767321,0.9646213,0.061822005,0.1154518
0.45309944439777755,0.9633435,0.9565115,0.05523512,0.040903285
0.9028516434065736,0.97567934,0.98219347,0.08437983,0.098489925
0.9067797871191485,0.9804616,0.99321014,0.2184955,0.16134727
0.9281264325057299,0.99030185,0.9882694,0.24459451,0.22662683
0.8505642662570649,0.98747903,0.9802678,0.060114864,0.049432576
0.7583573374293497,0.97549534,0.9621908,0.13057013,0.14562525
0.8878368953475814,0.9854146,0.96676826,0.11938696,0.06330979
0.8227835791343165,0.9880518,0.99020237,0.051900767,0.05236098
0.7081004644018576,0.95812476,0.9826749,0.06419193,0.078276955
0.7885978423913695,0.96989393,0.98369,0.08921117,0.06151231
0.87025154500618,0.9949577,0.97951895,0.3132751,0.20329325
0.7658587114348457,0.957436,0.97819066,0.17797022,0.09126779
0.9288618914475658,0.993745,0.9920803,0.08114435,0.09182444
0.740190224760899,0.95478773,0.9360469,0.11296423,0.11754576
0.9723581294325176,0.9915127,0.9980318,0.25398594,0.1258231
0.7346962187848751,0.96473163,0.9736481,0.17843992,0.11605578
0.9489516038064153,0.99284595,0.9958928,0.13959217,0.18691191
0.8349354037416149,0.97922933,0.9662305,0.03600659,0.07085716
0.950372409489638,0.9979749,0.99116176,0.11968324,0.10710222
0.8635955503822015,0.98461187,0.97965705,0.07667052,0.13255073
0.9208485473941894,0.98588246,0.98515487,0.06994061,0.09846134
0.7990939483757934,0.9792895,0.9878297,0.05125041,0.059379395
0.8932764691058764,0.9835147,0.978495,0.3323601,0.20453174
0.8958404473617895,0.9824034,0.97172767,0.059285145,0.073723294
0.8649990759963039,0.99713045,0.9978815,0.35799485,0.12698516
0.9563892335569343,0.992282,0.9948159,0.13471618,0.11602523
0.6950304921219684,0.99234045,0.9692067,0.094091326,0.04796817
0.7526037464149856,0.9855492,0.9219829,0.07661946,0.13919184
0.8810681962727851,0.99919873,0.9480236,0.3207538,0.19156611
0.883630830523322,0.9533629,0.9855257,0.21139783,0.1290028
0.6016126144504578,0.9549822,0.89467347,0.094687186,0.08697497
0.9416557666230665,0.9863218,0.9848389,0.12912786,0.1580098
0.9261806007224028,0.989436,0.9869413,0.10059356,0.15825158
0.7169988359953439,0.9411429,0.9350172,0.082032435,0.059787717
0.8021304405217621,0.99956214,0.97596824,0.13503292,0.1032359
0.8867755151020604,0.98973805,0.9535014,0.10633684,0.13451079
0.9642766251065003,0.9975145,0.9940437,0.099670045,0.13163312
0.9596299185196739,0.98691386,0.9834978,0.11408751,0.077050775
0.8174888699554796,0.96374476,0.92931867,0.15352906,0.35157242
0.7723994095976383,0.9452983,0.9838172,0.13107426,0.078474
0.9099453037812151,0.97358215,0.98006254,0.20304132,0.106785715
0.6296235104940419,0.9429123,0.90299195,0.058896814,0.08166486
0.8384345217380869,0.98462373,0.9996555,0.08826351,0.07293778
0.9198395833583334,0.99131364,0.9748602,0.07374197,0.19816004
0.7443561614246457,0.97117597,0.92748094,0.07151902,0.046234567
0.8456517346069384,0.9768059,0.97714156,0.06343839,0.060793858
0.7175457501830007,0.9436435,0.8942376,0.12079225,0.082920045
0.9058615434461736,0.98471206,0.9809616,0.054645162,0.09350126
0.7974924699698799,0.9634007,0.96505296,0.085168585,0.08326158
0.7602626570506281,0.98308724,0.9523185,0.1518119,0.1956254
0.8683050412201648,0.98067695,0.9614442,0.09456196,0.07026702
0.7759976959907839,0.9765407,0.97942525,0.04598436,0.08394212
0.7775499261997048,0.9882848,0.9412172,0.05665464,0.07129334
0.7735837663350653,0.9486259,0.9696678,0.1347791,0.044373725
0.7602421129684518,0.94674563,0.9144387,0.04510459,0.08837636
0.8996504146016583,0.97969204,0.98666584,0.1015784,0.107466504
0.8197038868155472,0.96575016,0.9713702,0.10382985,0.067497104
0.9356926067704271,0.9908291,0.97364336,0.12678938,0.122841135
0.9283587534350137,0.9827432,0.98476744,0.056873113,0.06445299
0.9273279973119892,0.9942233,0.9651885,0.08739534,0.122381575
0.8612761811047244,0.99919635,0.95759034,0.057503108,0.10935039
0.7611080364321456,0.95099497,0.93769777,0.15061882,0.07906201
0.8281656486625947,0.96972287,0.9356062,0.09589847,0.10047716
0.8001622406489625,0.9785316,0.96368176,0.06435467,0.09425881
0.5925420181680726,0.9278544,0.966868,0.12734371,0.0784746
0.7237885591542366,0.9589718,0.9571728,0.07136901,0.08461346
0.9081150564602258,0.95759773,0.98491937,0.16702874,0.13014933
0.7186188424753699,0.93542475,0.91260475,0.06379947,0.06920071
0.6980056400225599,0.93861574,0.92905086,0.085396744,0.109171696
0.8548182352729411,0.9905696,0.959979,0.047734816,0.054114256
0.8424111456445826,0.98553824,0.98546803,0.0477072,0.04284067
0.899887631550526,0.9881747,0.9507061,0.20384869,0.2406805
0.8479510398041591,0.96975106,0.95559955,0.2600551,0.42263168
0.9068757875031501,0.9818583,0.9867288,0.14069097,0.06998882
0.9230407161628645,0.98973143,0.9733672,0.084187046,0.17177358
0.7653841815367262,0.980636,0.9595258,0.046011064,0.03832791
0.8506365545462182,0.9681096,0.9735747,0.13395399,0.09423894
0.934067992271969,0.9952481,0.98883814,0.29305086,0.1004727
0.4389448597794391,0.9324033,0.9428166,0.09669233,0.049510375
0.855689246756987,0.9860915,0.983292,0.067918286,0.045062784
0.888250657002628,0.9887666,0.9987475,0.08011263,0.028262472
0.9265225540902162,0.99899924,0.96482176,0.06033911,0.0893591
0.8331983727934912,0.97463745,0.99245745,0.32035014,0.19111797
0.9226425065700262,0.9909661,0.99446523,0.11595137,0.036077708
0.8542170808683234,0.99772054,0.9964301,0.13106091,0.089275114
0.9582914811659248,0.9949408,0.9957576,0.13685553,0.27774426
0.8047279229116916,0.95265114,0.95025223,0.10567288,0.21621872
0.8718326713306853,0.9657988,0.9672978,0.2333591,0.8666251
0.7679202236808946,0.9515951,0.9552273,0.116105564,0.16412081
0.8356728786915146,0.9421709,0.95945746,0.12178946,0.20068073
0.7772383089532356,0.98613966,0.9560919,0.10643518,0.12409885
0.855373693494774,0.99897194,0.96948385,0.0495244,0.051673315
0.9213393013572053,0.99665403,0.98209804,0.078930676,0.046554793
0.9565584822339289,0.9883577,0.98876774,0.1820857,0.12228005
0.9534745658982635,0.9909478,0.9970476,0.101444036,0.19768283
0.8301230964923859,0.96654737,0.94578487,0.12654735,0.069679484
0.8354297297692328,0.97643006,0.9731895,0.14226285,0.08109068
0.9303990495961982,0.9720293,0.9750397,0.23502687,0.12203354
0.5663436093744375,0.9630463,0.9241173,0.056656215,0.076004304
0.8974792699170796,0.99968493,0.97472215,0.16505788,0.07378234
0.8183945375781503,0.977843,0.96366096,0.0909647,0.07146395
0.8793342373369493,0.9720972,0.9822038,0.1692864,0.09978608
0.8955738542954172,0.98265,0.99036944,0.0753967,0.09895698
0.8220521522086087,0.995733,0.9603251,0.037114203,0.09442259
0.9386342505370022,0.99694306,0.9920141,0.14862521,0.132368
0.8850167880671522,0.97186625,0.9762552,0.079611175,0.050172195
0.5140919443677775,0.9330396,0.95850736,0.05481236,0.08931789
0.9135745022980091,0.9797035,0.9818873,0.0832781,0.0955736
0.8718504314017256,0.9688282,0.96708155,0.094710216,0.14460152
0.877938679754719,0.9822008,0.96102107,0.09277288,0.119130775
0.7677685430741723,0.9414605,0.9837872,0.20245945,0.046563406
0.8254079416317665,0.98425025,0.9278952,0.058844488,0.09119812
0.8357863511454046,0.9827812,0.9801719,0.055399608,0.10374841
0.9189571478285912,0.98874825,0.97595465,0.0858675,0.06944971
0.8410857643430574,0.98443556,0.9754808,0.063935906,0.071485065
0.935754143016572,0.97883093,0.97425514,0.14218071,0.20550734
0.8384526658106632,0.9744349,0.97976077,0.03625124,0.05321561
0.6402928011712046,0.97203344,0.97703785,0.0764399,0.07541738
0.8601163044652178,0.98230255,0.98039234,0.07971849,0.07113929
