alpha,beta,a0,nu_a0,w0,w1,w2,w3,nu_w0,nu_w1,nu_w2,nu_w3,alpha_var,beta_var,a0_var,nu_a0_var,w0_var,w1_var,w2_var,w3_var,nu_w0_var,nu_w1_var,nu_w2_var,nu_w3_var,posterior_q25_alpha,posterior_q975_alpha,posterior_q25_beta,posterior_q975_beta,posterior_q25_a0,posterior_q975_a0,posterior_q25_nu_a0,posterior_q975_nu_a0,posterior_q25_w0,posterior_q975_w0,posterior_q25_w1,posterior_q975_w1,posterior_q25_w2,posterior_q975_w2,posterior_q25_w3,posterior_q975_w3,posterior_q25_nu_w0,posterior_q975_nu_w0,posterior_q25_nu_w1,posterior_q975_nu_w1,posterior_q25_nu_w2,posterior_q975_nu_w2,posterior_q25_nu_w3,posterior_q975_nu_w3,mean_subject_true_a,sd_subject_true_a,mean_subject_true_w0,mean_subject_true_w1,mean_subject_true_w2,mean_subject_true_w3,sd_subject_true_w0,sd_subject_true_w1,sd_subject_true_w2,sd_subject_true_w3,num_trials,num_subjects
6.873082,0.5272025,0.97567886,0.002534741,-0.1278124,0.11418479,-0.18849178,0.50653875,0.6959317,1.2950442,1.2376881,0.9954295,3.74047,0.03101125,5.3583562e-06,6.017427e-06,0.020968797,0.07160638,0.0677079,0.04474751,0.01253106,0.038999002,0.037965737,0.023601577,3.526258021593094,9.824753212928773,0.2420233350247145,0.8470336660742759,0.9706551879644394,0.9797027707099915,0.0002646869739692193,0.009442301117815077,-0.3979001514613628,0.17063382193446155,-0.4071862116456032,0.6340532183647155,-0.7219365149736404,0.34902526140213014,0.07846151962876322,0.9482171922922134,0.5202075079083442,0.9552743583917618,0.9706647112965584,1.7365653783082962,0.9183991774916649,1.6963935285806655,0.7436233848333359,1.3499002695083617,0.9780763,0.011138859,-0.107424304,0.14242631,-0.1763198,0.5329969,0.6982181,1.2006361,1.2368304,0.9582369,500,25
6.470182,0.54254377,0.9785116,0.02085692,-0.035883624,-0.054101024,-0.51258814,0.49147317,0.87173,1.1182307,1.1980989,0.84112793,2.9491324,0.023480995,5.9669597e-05,5.814192e-05,0.032102745,0.049569704,0.05769723,0.029391244,0.02035677,0.028745702,0.035815645,0.018170794,3.3348124027252197,9.622945594787597,0.23724943958222866,0.8314064770936966,0.9652262806892395,0.9955779209733009,0.00856263767927885,0.03789638197049498,-0.36998968869447707,0.30834012851119014,-0.46853485628962516,0.3953473903238773,-0.9587082266807556,-0.0408496655523778,0.1552964948117733,0.8360186398029327,0.6482909321784973,1.2176937252283095,0.840032322704792,1.490912640094757,0.8932396218180656,1.6071006953716276,0.6380349323153496,1.1656548887491225,0.97817516,0.015123272,-0.03765091,-0.039368656,-0.49011475,0.47511595,0.88706267,1.0959158,1.1169873,0.8571829,500,25
6.9712596,0.57139325,0.9886561,0.033229854,-0.15610704,0.27764037,-0.19675627,0.5131476,0.8906765,0.9768744,0.7472587,0.86636066,5.527743,0.050941184,7.269202e-05,9.314256e-05,0.032078713,0.042124465,0.02489,0.030417338,0.018609859,0.023491666,0.013851078,0.01818164,2.012890100479126,9.892006444931031,0.1278640802949667,0.9173937186598777,0.970758917927742,0.9996916592121124,0.013842114200815558,0.05299368472769855,-0.5119955882430076,0.20757803134620187,-0.1348617359995842,0.6887911722064018,-0.49552120417356493,0.12615544795989989,0.172067341953516,0.8667111679911613,0.6777868211269379,1.213952648639679,0.740067271888256,1.3196201562881469,0.5521857544779778,1.010135981440544,0.6514987528324128,1.190683606266975,0.97425544,0.016148916,-0.114438705,0.28001884,-0.22814171,0.52951217,0.86224204,0.9632286,0.74210304,0.87214744,500,25
7.7260804,0.99099845,0.9836564,0.022503449,0.24734469,0.28670448,-0.39236185,1.0058451,1.017137,0.9176296,0.90031815,1.155535,2.3730886,0.0667817,7.094181e-05,6.743184e-05,0.04608208,0.033591207,0.033334196,0.058335863,0.024357408,0.020998986,0.019639222,0.03159984,4.705949473381042,9.901535391807556,0.5664319023489952,1.4738471776247022,0.9701296001672745,0.999091063439846,0.010049638943746686,0.038717432878911495,-0.18737421557307243,0.6801016509532928,-0.09153162315487862,0.6282574653625487,-0.7542860671877861,-0.04231289103627207,0.5414728671312332,1.4597168326377867,0.756755942106247,1.379566463828087,0.6851156860589981,1.2495196640491486,0.6687469929456711,1.2163537770509718,0.8557161957025528,1.5540052860975264,0.98395246,0.0146766165,0.30033764,0.28331327,-0.39963648,0.9583055,0.96808475,0.8857361,0.8054052,1.0461532,500,25
2.6796033,0.25625113,0.9725105,0.016503464,-0.14320053,0.39257842,-0.11694466,1.0858694,1.0428369,1.1460905,0.88647264,1.407736,2.430048,0.034529313,3.9640643e-05,7.052338e-05,0.047138788,0.05534241,0.03397349,0.08050321,0.028657975,0.030631403,0.020127803,0.051541165,0.843271228671074,7.1012749671936035,0.0477067094296217,0.7705606296658516,0.9610936895012856,0.9880846038460731,0.006117110175546259,0.03678201148286461,-0.5746257916092873,0.25764434486627574,-0.0459834523499012,0.867801521718502,-0.48577819019556046,0.24156971089541893,0.519438461959362,1.6365180432796478,0.7822795450687409,1.4297517150640486,0.8487094894051552,1.5602862060070037,0.6530720978975296,1.2129836589097975,1.0564644664525986,1.9685003876686096,0.97701627,0.013297723,-0.13909821,0.39098862,-0.16192028,1.0502532,0.91580796,0.9972989,0.7983273,1.2698821,500,25
6.0227976,0.57282543,0.9905112,0.030075165,0.2186017,0.46711183,0.079742976,0.7865961,1.0114642,1.0626303,1.0067995,1.0950972,6.636026,0.07920077,9.126759e-05,9.498989e-05,0.04156825,0.050717965,0.04558453,0.0524894,0.024750583,0.028258527,0.025076343,0.029489834,2.0316309869289397,9.870189261436462,0.1595345988869667,1.0664870262145996,0.9703813627362251,0.9999055236577987,0.013261207356117665,0.05017727725207805,-0.17413769625127315,0.613042525947094,0.019350840896368064,0.8849930107593535,-0.3401516482234001,0.4893617570400236,0.316109399497509,1.2468501955270768,0.7584224179387092,1.363942492008209,0.7807303205132484,1.4534069001674652,0.7487670749425888,1.3600058257579801,0.8095738872885704,1.46884508728981,0.9840851,0.0141808735,0.19472246,0.4254288,0.038150426,0.7857165,0.96738565,0.96114504,0.94997054,1.002847,500,25
7.6901217,0.5114064,0.975292,0.014311214,-0.092157245,0.31545818,-0.042090867,0.89153624,1.0266851,1.0724487,0.83557045,0.74008,2.3181067,0.012149564,3.0141298e-05,4.4144304e-05,0.0442382,0.045959555,0.030604813,0.024324141,0.022889148,0.02602235,0.01744871,0.014573266,4.442421448230744,9.935993313789368,0.30104815736413004,0.7360447838902473,0.9648785695433617,0.9870705783367157,0.004822221386712044,0.029631422972306608,-0.4984956607222557,0.34680787920951844,-0.11437341570854187,0.7125497490167618,-0.37608155235648155,0.31481363028287884,0.5756332248449325,1.1934940934181213,0.777570067346096,1.376924180984497,0.8145308583974838,1.4328145921230313,0.6186052069067955,1.1437152057886122,0.5444709032773971,1.0034440279006955,0.9731741,0.017485559,-0.071995765,0.32461676,-0.10095699,0.94007915,1.0533302,1.0191256,0.7915443,0.7410089,500,25
5.8094926,0.60028243,0.9823792,0.023837976,-0.48050374,-0.0878425,-0.3107711,0.41365683,1.2632774,1.0634392,0.9326139,1.1082616,3.8936813,0.05724153,5.989741e-05,6.201706e-05,0.065150425,0.045484446,0.03352491,0.051067393,0.036262464,0.02880919,0.023129072,0.028772553,2.786541032791138,9.765870070457458,0.2612607508897781,1.1587522506713868,0.9690485611557961,0.9984447255730629,0.009972578613087535,0.041191893443465216,-0.9572050675749779,0.036784356832504014,-0.504884272813797,0.34562053158879275,-0.659477099776268,0.04823790676891804,-0.04834598600864409,0.8536648035049438,0.9611477151513099,1.7051532506942748,0.7856005057692528,1.47256897687912,0.6995127677917481,1.290084034204483,0.8327084764838218,1.49774050116539,0.9790675,0.017704679,-0.48695987,-0.026431112,-0.31578755,0.4110483,1.1725503,1.0088093,0.9443489,1.0129925,500,25
6.7148666,0.6777472,0.9754884,0.04404696,-0.059243318,0.04024259,-0.3138648,0.37620798,1.039293,1.1120903,1.012849,0.97159785,3.5576446,0.05177476,0.00020952307,0.0002188879,0.043217804,0.053680196,0.03960314,0.038325716,0.024744447,0.02876859,0.024996178,0.02377578,3.078348273038864,9.793705415725707,0.2851169712841511,1.1152656525373459,0.9485832527279854,0.9963098809123039,0.01831763801164925,0.07500417251139879,-0.4839810788631439,0.32932692468166347,-0.4059125982224941,0.4970161557197571,-0.7037926882505416,0.07595978081226348,-0.000529902428388595,0.7785169154405591,0.7860393300652504,1.3999595880508422,0.8353673368692398,1.5165938466787334,0.7618173286318779,1.3527192682027815,0.7200280949473381,1.3298795342445373,0.9718792,0.017757216,-0.09121153,0.037241936,-0.34117106,0.38263777,0.96816796,1.062086,0.93299794,0.95208895,500,25
7.0970287,0.69297564,0.9662832,0.033454224,-0.07026027,0.25471592,-0.39338595,0.41039875,0.71926504,1.0754417,1.050333,1.1230718,3.9113295,0.060247317,0.00012607203,0.0003280476,0.021110242,0.046723153,0.045796398,0.052329056,0.012434078,0.028383428,0.026001435,0.03257884,3.3511728048324585,9.912511658668517,0.2757632195949555,1.126879632472992,0.9480883121490479,0.9928343534469605,0.008849073178134858,0.07570818960666656,-0.35758365988731383,0.21238839812576762,-0.21569217257201673,0.6618810445070267,-0.8373238265514373,0.023658056557178384,-0.050552660226821894,0.8406091630458831,0.5426391795277595,0.9608745947480201,0.8030226930975914,1.4570144444704056,0.7847592070698738,1.3997606694698332,0.8312691897153854,1.5671860516071319,0.9665856,0.015822543,-0.04115142,0.21748032,-0.396585,0.41549674,0.6960219,1.0251036,0.97329366,1.0209944,500,25
6.9744797,0.7861483,0.97907233,0.004849512,-0.46469897,0.13288322,-0.2568916,0.7499601,1.0326768,0.9540661,0.91651314,0.8761724,2.6307867,0.04938868,8.332592e-06,2.5518808e-05,0.041939765,0.039847948,0.034405634,0.033525467,0.027524313,0.02361985,0.019083364,0.018941903,3.995251804590225,9.809321570396422,0.4218315400183201,1.2176923304796217,0.9721038609743118,0.9834063857793808,0.00038610020419582725,0.01936537190340459,-0.8565417349338531,-0.059379100054502504,-0.28554310426115986,0.511942586302757,-0.6110363841056824,0.11867473497986791,0.37576993480324744,1.0925186187028884,0.7769588828086853,1.4070123910903929,0.7066608771681786,1.3004767686128615,0.682503342628479,1.219936281442642,0.6351877689361572,1.1786988139152526,0.98032117,0.012144673,-0.48396847,0.16860056,-0.25799966,0.7242326,0.9578785,0.86536855,0.86039793,0.8101306,500,25
5.4100075,0.347153,0.9865622,0.024742842,0.07905163,0.23347187,-0.39113092,0.70048344,1.2594224,0.9262764,0.99510247,1.045157,4.61767,0.024194162,6.268269e-05,6.9093316e-05,0.065866895,0.036131524,0.041494273,0.042981233,0.03629568,0.022409948,0.023003932,0.028291518,2.343324530124664,9.783650255203247,0.13760164454579354,0.6604040294885636,0.9716631516814231,0.9980658367276192,0.00994694686960429,0.04206630848348139,-0.42093690559268,0.5712309673428534,-0.14645652435719966,0.6222758412361143,-0.7954574063420295,0.01024928763508796,0.3014838993549347,1.0997824847698212,0.9345678657293319,1.6793705850839615,0.692944610118866,1.2546887278556824,0.7435353770852089,1.348187130689621,0.8007418796420097,1.4357154458761214,0.97659206,0.02022719,0.09233274,0.2731986,-0.3947975,0.6955054,1.218459,0.95270556,0.958775,0.9508933,500,25
7.4097524,0.8160859,0.98076147,0.028804101,-0.051064402,0.20827787,-0.074624896,0.92125887,0.9724543,1.0530227,1.1688766,0.82143563,2.6792178,0.040406026,7.917304e-05,0.00011932758,0.040680178,0.047889847,0.05859868,0.030839875,0.024115091,0.026452135,0.036183428,0.016240602,4.045256185531616,9.82777326107025,0.4490356370806694,1.2092412263154981,0.9646406754851341,0.9982905685901642,0.012084813066758215,0.05654447199776768,-0.45146130621433256,0.3514657713472842,-0.22134599201381205,0.648142173886299,-0.5483623698353768,0.4069277726113796,0.5650265470147133,1.2715477705001832,0.7412854075431824,1.344917905330658,0.7883697554469109,1.4259780436754226,0.8826637625694275,1.6057602554559707,0.6090370163321495,1.0999170899391173,0.9783508,0.016221466,-0.00035372734,0.17376396,-0.052844483,0.8943509,0.9127125,1.045452,1.0966412,0.6734687,500,25
7.363378,0.87110597,0.9532349,0.020796308,-0.14265922,0.24409558,-0.12627861,0.48069447,1.0495625,0.82515687,0.8265485,0.9018042,3.294756,0.05940526,5.2428655e-05,0.00010473894,0.043951947,0.029461266,0.026755,0.032929312,0.027267804,0.016709244,0.016755152,0.019645877,3.5537288546562196,9.916368842124939,0.4139920845627785,1.309479761123657,0.9387309834361076,0.9676933467388154,0.005402040155604482,0.04685337804257869,-0.5167602121829986,0.29314480274915694,-0.10350923426449299,0.561488153040409,-0.43963902443647385,0.19667757116258125,0.10585372969508172,0.8281326532363892,0.7882749646902084,1.4062410920858381,0.6126778423786163,1.115239891409874,0.618777796626091,1.1350349009037017,0.6770239189267159,1.2149659842252727,0.9612275,0.024203505,-0.12614594,0.26609844,-0.13944052,0.54824966,0.9735663,0.78267854,0.83172154,0.9066355,500,25
6.356415,0.54532385,0.9839744,0.026440812,-0.21069726,0.0022668615,-0.36616397,0.51321054,1.0033681,1.0082943,1.2147235,1.1381233,5.0805216,0.055814136,5.664223e-05,8.912207e-05,0.042844605,0.041369624,0.059089184,0.05498771,0.024263449,0.025801742,0.035494912,0.03175538,2.502786159515381,9.767683291435242,0.1663804091513157,0.9511586561799049,0.9695843279361724,0.9992673635482788,0.01243928070180118,0.04754569735378027,-0.6204249888658524,0.18678971379995343,-0.4119950674474239,0.3959727689623832,-0.821845081448555,0.12769896388053895,0.040380135178565986,0.9656952634453773,0.7330680087208747,1.361481150984764,0.7434300690889358,1.3885116428136826,0.9074797675013542,1.6326569616794584,0.8520213544368744,1.545974940061569,0.9785429,0.018077664,-0.2101906,0.0037398362,-0.31557688,0.5403077,0.92913604,1.019477,1.1072015,1.042668,500,25
6.6086674,0.8249865,0.9861469,0.02583927,-0.2872708,0.3532149,-0.31366178,0.6228005,0.8509313,1.1186558,1.2490294,1.0734602,3.0909069,0.05013753,5.4693854e-05,7.3577394e-05,0.027574051,0.048864923,0.06678575,0.047540713,0.017674904,0.031573873,0.042045254,0.029440578,3.238174843788147,9.743399238586425,0.41765129566192627,1.268783664703369,0.9712505146861077,0.9979515552520752,0.011644809413701296,0.04558469047769904,-0.6278870418667793,0.03946261405944822,-0.08493720591068267,0.7789819300174713,-0.7991167321801186,0.20455497577786444,0.20263813808560371,1.0410475492477416,0.6356888562440872,1.1654980212450023,0.8415003687143325,1.5367264509201048,0.9232599183917045,1.7054406255483623,0.7999913975596428,1.4473734229803084,0.9812355,0.0143039115,-0.28432328,0.33953026,-0.31921023,0.6020917,0.8626482,1.0623912,1.1353273,1.0446452,500,25
7.952628,0.7898588,0.9726994,0.013287537,0.0856268,0.3793719,-0.08148149,0.6672419,1.0594796,1.0011328,1.0298074,1.0989778,1.9108965,0.025012597,2.637618e-05,4.7916325e-05,0.051313408,0.042632,0.046168186,0.04702387,0.027096536,0.025955588,0.026370294,0.03508059,4.978910648822785,9.92340636253357,0.4663350723683834,1.0701880127191543,0.9626336678862571,0.9840259030461311,0.0038278302003163845,0.030210418766364447,-0.36051559224724766,0.5097832784056663,-0.04198973327875137,0.7729270577430725,-0.4913726657629013,0.3469609536230564,0.25197195038199427,1.074931702017784,0.7986656188964844,1.4349040418863295,0.7473785921931266,1.3643453031778334,0.7678575471043587,1.4021169900894164,0.8165954545140266,1.5619308382272719,0.97527426,0.017503133,0.094578825,0.40953135,-0.09953337,0.7092468,1.0151714,1.0244963,1.0146573,1.1015096,500,25
4.786417,0.48497498,0.9758412,0.045336824,-0.33640888,-0.12530741,-0.47811246,0.58491975,1.0535702,0.97094244,1.2040058,0.8645109,4.6825647,0.06426763,0.00018426792,0.00023080123,0.04542206,0.040379375,0.059525985,0.029952846,0.026016831,0.023402072,0.031194584,0.020117935,1.927854984998703,9.622184824943542,0.1423780657351017,1.030869662761688,0.948719947040081,0.9973571076989174,0.018543518893420697,0.08189978208392858,-0.777529951930046,0.08035199642181368,-0.5258429631590843,0.2675946682691574,-0.9635092273354531,0.003972188383340717,0.2565096005797386,0.9183442741632458,0.795297485589981,1.4314259529113769,0.7345921039581299,1.3328021258115765,0.8966065004467965,1.5835497647523877,0.6312723517417907,1.196080607175827,0.9689932,0.018040018,-0.35098857,-0.16649187,-0.5080924,0.57809514,0.994385,0.93138915,1.1506387,0.85525554,500,25
6.0790615,0.5310047,0.97950417,0.025267912,0.16958629,0.2567319,-0.117600486,0.85029155,1.1113901,0.83794564,0.80056626,1.3084126,3.3389053,0.026725298,8.951164e-05,8.646245e-05,0.048866913,0.027781397,0.027314361,0.07260766,0.030119434,0.016726565,0.01566184,0.036238093,2.9223034501075746,9.607291984558104,0.2608629554510117,0.8618943467736243,0.9644391715526581,0.997324138879776,0.010190871031954884,0.0449652929790318,-0.22941397577524184,0.6313135117292403,-0.07618843801319598,0.6077184587717054,-0.45358137488365174,0.1989061962813139,0.3365614630281925,1.4029620885849,0.8182803601026535,1.5138601571321488,0.6335337951779365,1.1321059256792068,0.5980421707034111,1.0919416785240172,0.9946768090128899,1.734116691350937,0.97813505,0.016466198,0.17546478,0.22575332,-0.13495462,0.78859836,1.1102053,0.75878876,0.790131,1.1797293,500,25
6.608054,0.48108327,0.9854865,0.025150446,0.02299593,0.13591908,-0.15680362,0.20194232,0.86195683,1.1560513,0.9729439,1.0182492,4.053337,0.0263051,5.5951725e-05,6.6019704e-05,0.03262955,0.054903675,0.036511846,0.04169873,0.018692413,0.03157514,0.023322953,0.024638006,2.9357630789279936,9.852136707305908,0.20256464853882789,0.7855168372392655,0.9700410932302475,0.9973405629396439,0.008696798630990089,0.04190083425492048,-0.35185595974326134,0.37400246337056153,-0.2978792548179626,0.5972198337316511,-0.5432751089334488,0.20655892901122558,-0.2088572598993778,0.5967436701059341,0.652007269859314,1.1694035321474074,0.8712546765804291,1.5591564089059828,0.7264282599091529,1.3311559855937958,0.7751442700624466,1.398055076599121,0.976156,0.02169376,0.048758987,0.14105567,-0.15443917,0.22897756,0.82214206,1.1063379,0.9472115,0.98289603,500,25
6.565689,0.56933695,0.9807458,0.03618784,0.30016652,0.61749417,-0.5169559,0.29660952,0.814731,1.149705,0.7804637,1.0289096,3.9744961,0.036418773,0.00019360194,0.00014734943,0.027983515,0.057867717,0.023743061,0.042619973,0.015077656,0.030108018,0.0146021275,0.025244245,3.104905879497528,9.834261608123779,0.25286796391010286,0.9295929372310636,0.9568149790167808,0.9996648445725441,0.01561265003401786,0.0603304797783494,-0.024277625232934946,0.6310570642352104,0.13913715183734895,1.0793322205543519,-0.8255109041929245,-0.22125181406736383,-0.11658968478441238,0.6807362526655197,0.6177142038941383,1.0873617082834244,0.8591058626770973,1.5204866379499435,0.5889769673347474,1.0659575700759887,0.7814057782292366,1.3867109209299087,0.9704171,0.016962158,0.32228053,0.6142506,-0.5460215,0.3205884,0.8083989,1.1108973,0.7756835,1.0090407,500,25
4.2503223,0.3973919,0.9752601,0.015356514,-0.49582967,0.60570633,-0.28607595,0.9739382,1.0582755,0.9355523,0.9635356,1.2981919,3.8895593,0.054925263,5.674014e-05,0.00016070883,0.046518177,0.036947124,0.039653584,0.0720866,0.026715284,0.020860497,0.02497579,0.041397266,1.6183322459459304,8.55834310054779,0.11286367531865836,0.9035252064466475,0.9632535502314568,0.9947793245315552,0.0013501621840987354,0.04539184691384434,-0.9299886584281921,-0.06840928271412855,0.2230166532099247,0.9959199130535125,-0.6920749172568321,0.1161425456404683,0.432744100689888,1.506469330191612,0.800755287706852,1.414699137210846,0.6939081683754921,1.253748008608818,0.7103079989552498,1.3086273849010464,0.9750669538974762,1.7728250354528423,0.97677475,0.014569684,-0.4809257,0.56288123,-0.25715527,0.9558395,0.9532687,0.9059484,0.89040077,1.1612604,500,25
5.383104,0.43795553,0.9803227,0.027245337,0.27776083,0.08836454,-0.42994887,0.5052545,0.8662717,1.0832843,0.7966508,1.3401445,3.7548656,0.041256145,0.000101326936,0.00010124994,0.0338804,0.049134832,0.02742088,0.081551485,0.01871284,0.0313078,0.01674666,0.042768724,2.488410139083862,9.550196003913879,0.1514291860163212,0.887550351023674,0.9608007311820984,0.999021889269352,0.010190554056316614,0.04973561335355044,-0.06847056932747364,0.6228355556726455,-0.32028850391507147,0.5724360957741738,-0.7502559840679168,-0.09095177724957478,-0.04771077632904053,1.0945498108863831,0.6351319164037704,1.1770604819059372,0.8002883687615394,1.4888195276260376,0.5889967322349549,1.0880310744047164,1.0035262823104858,1.8143161475658416,0.9739749,0.020991595,0.3099817,0.090963125,-0.43401435,0.57154065,0.88252515,1.0996042,0.807705,1.1986465,500,25
7.187847,0.767469,0.98187345,0.030877767,0.20413673,0.13716818,-0.31812224,0.7889195,0.976087,0.986753,0.7783299,1.2984016,2.5595865,0.028954487,0.00015798809,0.00014358074,0.040102433,0.04191681,0.026679832,0.065589555,0.02222854,0.024188837,0.015301924,0.042566217,4.047371983528137,9.87105131149292,0.4403108209371567,1.0976222306489942,0.9598903179168701,0.999028904736042,0.009254982532002031,0.056440148130059244,-0.2053533460944891,0.5997729182243343,-0.2566055484116077,0.5705010309815407,-0.6235794633626938,-0.003142598271369996,0.28848477005958556,1.3349253535270689,0.7188930347561836,1.321949341893196,0.7255143776535988,1.3429817110300064,0.5762243270874023,1.0504638522863388,0.9740603730082512,1.7795134991407393,0.97681916,0.014719403,0.1810405,0.20117982,-0.30341578,0.84861916,0.9420796,0.9077509,0.7190195,1.2672575,500,25
5.6643,0.3709931,0.9790518,0.015943596,0.05415133,0.16720158,-0.15901563,0.3481553,1.2753261,0.9628796,0.95940924,1.0243876,4.6464934,0.025728159,2.78649e-05,3.7444242e-05,0.07312871,0.039875954,0.03494909,0.04662186,0.037299734,0.022302907,0.023259228,0.025769921,2.2634979665279387,9.703307437896727,0.12127848602831363,0.6675327360630036,0.9697649016976356,0.9905790865421296,0.007054822437930852,0.029653227142989635,-0.48298288509249687,0.6060541272163389,-0.2109454296529293,0.5725321814417839,-0.5410703137516976,0.18826064802706233,-0.09020299836993217,0.7555476650595665,0.9587557360529899,1.766447702050209,0.7187818259000778,1.2545898258686066,0.7085272014141083,1.3052721738815305,0.7629361107945443,1.3936191022396087,0.97959816,0.01601236,0.09538758,0.16427536,-0.15185097,0.42206305,1.1752516,0.9577388,0.9187607,0.95337105,500,25
7.736992,0.7737571,0.9814278,0.017746903,-0.041404318,0.25378573,-0.032759722,0.39501512,1.0638245,1.1864693,1.025394,0.942853,1.9828613,0.03745202,3.9950894e-05,6.0260507e-05,0.05172903,0.0602937,0.046852224,0.03680134,0.030301206,0.0342959,0.025387725,0.022127934,5.081582546234131,9.888040447235108,0.46701745614409446,1.1671441793441772,0.9701619252562523,0.9952164560556411,0.004106688837055117,0.03555042268708348,-0.48409948870539665,0.3799379423260688,-0.22948484495282173,0.7228286772966385,-0.4379214122891426,0.3779370345175266,0.016598510742187503,0.7527070283889771,0.7883449628949165,1.457958674430847,0.8936046168208123,1.6277993619441984,0.761773718893528,1.3969778031110762,0.7039079785346984,1.2808894395828248,0.97596586,0.015783463,0.0018179464,0.19829729,-0.00028739512,0.4234101,0.9464251,1.1103457,0.9312979,0.8764831,500,25
2.9676542,0.27020192,0.980578,0.032440864,0.14752668,0.49402738,-0.24729992,0.3324284,1.1363683,1.3132795,1.153552,0.8719191,0.87405425,0.012064064,8.062692e-05,0.0001009323,0.052606188,0.07846236,0.054334223,0.032398965,0.031801846,0.042988017,0.031988673,0.01957565,1.5119918316602707,5.057044339179993,0.11320085674524308,0.5259515807032582,0.9628636434674263,0.994500458240509,0.01622496801428497,0.05503123989328742,-0.3080105632543564,0.5868470221757888,-0.04720429629087446,1.0618571579456328,-0.6859248578548431,0.19912875518202783,-0.016048741340637204,0.6832265436649323,0.8489909172058105,1.5471588253974915,0.9792192280292511,1.7712745308876037,0.8594183474779129,1.5541278570890427,0.6463169544935227,1.214000791311264,0.9761629,0.018344767,0.19195955,0.5124589,-0.22805595,0.35832676,1.0521623,1.2420104,1.0576681,0.8533025,500,25
7.389263,0.9244043,0.97523135,0.0142312385,-0.12441857,0.3049125,-0.37992257,0.5901329,0.9679146,1.1040674,1.0141712,1.2469856,2.74892,0.060356334,3.0303983e-05,5.861614e-05,0.040706567,0.049976777,0.042632874,0.065707974,0.019989027,0.031904325,0.02386249,0.037638187,3.696026194095612,9.871745109558105,0.437985148280859,1.411304897069931,0.9648395866155625,0.9873037606477737,0.002831157518085092,0.03132551731541752,-0.5033388644456863,0.29298440366983414,-0.13566344678401945,0.7794349670410153,-0.7978780701756477,0.028050538897514264,0.0768688663840294,1.0871999859809873,0.7357368424534798,1.2786873847246167,0.8187410682439804,1.4927875965833663,0.7589790061116218,1.341310340166092,0.944545578956604,1.6770105719566344,0.9801173,0.011058138,-0.12790655,0.2644165,-0.33486122,0.5792365,0.9537595,1.0341146,0.90990585,1.1718577,500,25
7.0927777,0.48312134,0.9855916,0.018673941,0.047623895,0.24462755,-0.3789206,0.61997473,0.76482534,0.974186,1.190326,0.97112197,3.183972,0.022617448,5.3105978e-05,5.8140646e-05,0.022107856,0.041891217,0.056563485,0.03958723,0.013991121,0.022946116,0.036550723,0.0256092,3.827923023700714,9.883138012886047,0.24327872544527054,0.784810733795166,0.9728841289877892,0.9982023030519486,0.006794801587238908,0.035810222104191776,-0.24315177090466022,0.3385301820933817,-0.1386774368584156,0.6494234159588813,-0.8384238362312316,0.12257351279258719,0.2258430875837803,0.9969524845480918,0.5763496473431587,1.0187454700469971,0.7300466135144233,1.3109387099742889,0.8763385206460953,1.6293651849031447,0.7224447548389434,1.3448047310113906,0.97393197,0.018450066,0.005505973,0.28235686,-0.3993317,0.6670064,0.7391286,0.9454427,1.1131463,0.90176094,500,25
7.515801,0.7512497,0.9833616,0.03883611,-0.2678827,0.40867585,0.07755025,0.7494717,1.0411166,0.76443255,0.99880385,1.0412905,3.3680172,0.051393915,0.00019667932,0.00013281955,0.048695818,0.025380848,0.04262084,0.04733112,0.029032797,0.014226187,0.025213663,0.026635304,3.3995141327381133,9.898910117149352,0.2455644704401493,1.1417475461959838,0.9565164163708687,0.9999143153429031,0.020169382449239492,0.06453993357717991,-0.6920268356800079,0.17890856154263016,0.1118857927620411,0.7333439692854881,-0.3441367521882057,0.4886014737188816,0.330476862937212,1.1762305706739424,0.7801302760839463,1.4441577911376953,0.5654214709997177,1.0285165280103683,0.7335082396864891,1.3573757112026215,0.7818983241915702,1.4168002903461456,0.97690105,0.017181128,-0.24818009,0.4230513,0.055970248,0.72396415,0.8955891,0.71789527,0.96343213,0.99065995,500,25
6.134511,0.6390489,0.9740957,0.014454178,0.36692598,-0.04141231,-0.29104817,0.48910207,0.9187582,1.1164802,1.0220709,1.127203,4.2927585,0.0738382,3.1810592e-05,0.00012184062,0.03597517,0.050162397,0.041388944,0.058920365,0.022277405,0.030506738,0.025126558,0.030847793,2.7435911893844604,9.81605384349823,0.22899571619927883,1.1760743856430054,0.9634966656565667,0.9881603822112084,0.0016149517759913579,0.040239482559263705,-0.011619358509778969,0.7438226416707038,-0.46444088891148566,0.40437905043363553,-0.7034669578075409,0.09546826779842367,0.009536158293485643,0.9976469278335571,0.6793893039226532,1.2799990564584731,0.8420367777347565,1.5265058755874632,0.7694213017821312,1.3943920612335203,0.8545309871435165,1.5187474966049195,0.97448987,0.014189329,0.40427634,-0.03188321,-0.31773853,0.52279776,0.89304733,1.064699,0.9318932,1.0480623,500,25
7.696722,0.74723583,0.9731106,0.036779754,-0.021140054,-0.0088477945,-0.26511586,0.45788527,1.1989611,0.86220074,0.82417715,0.972529,2.800795,0.03740216,0.00014948312,0.00016078778,0.059913326,0.029958364,0.027649144,0.039290383,0.034499202,0.018099148,0.016434934,0.023565885,3.9028548657894135,9.919281959533691,0.36482603624463084,1.1033142060041428,0.9503140240907669,0.9950057715177536,0.017675457149744035,0.06563705578446388,-0.5026329785585404,0.4673199228942394,-0.352714703977108,0.32900590226054194,-0.590383143723011,0.04590389542281624,0.06749089360237122,0.8226601213216781,0.8756545171141624,1.6206941992044448,0.6451031252741813,1.1771634727716445,0.6217574179172516,1.1293527394533156,0.718378695845604,1.321450778841972,0.9649471,0.021697676,-0.025698014,0.036148753,-0.31255233,0.46937445,1.1858629,0.8253083,0.7760772,0.95652324,500,25
7.012921,0.7191134,0.97349066,0.015025655,0.15954998,-0.1137981,-0.27951974,0.6742898,1.116295,1.1119834,1.230905,1.0047191,3.196498,0.042150907,2.8690754e-05,4.233611e-05,0.056385454,0.049047332,0.059789263,0.04162813,0.03187863,0.030797593,0.03990311,0.02368543,3.492281675338745,9.915793061256409,0.34417479261755946,1.0850085109472274,0.9634614080190659,0.9852958604693413,0.004584715713281185,0.029704439360648392,-0.32857999503612517,0.6215018391609192,-0.5403287127614022,0.335008430480957,-0.766410744190216,0.17616960182785985,0.26295945048332214,1.0919628530740737,0.8348673820495606,1.5250950276851654,0.8252643316984176,1.5123433530330657,0.9206067740917205,1.661855590343475,0.7517449423670769,1.3769161134958268,0.97653526,0.01059183,0.19399796,-0.09155716,-0.29333606,0.6527694,1.025113,1.037851,1.254281,0.99138725,500,25
6.434657,0.49808732,0.9765896,0.018511996,0.15036386,0.3193586,0.0096304305,0.4460619,0.9669806,1.2222762,1.1431935,0.9816238,5.295095,0.047607906,3.9561743e-05,7.644868e-05,0.037635814,0.06251563,0.05303377,0.038925145,0.024333306,0.03943227,0.030771475,0.021258095,2.5197826743125917,9.894185757637024,0.1628911081701517,0.899260601401329,0.9645767226815224,0.9892993837594986,0.004844262334518135,0.0369887912645936,-0.22827448435127734,0.5307656496763229,-0.1623668372631073,0.795804215967655,-0.4415218524634838,0.4737588070333001,0.047731593996286396,0.8498234525322914,0.7182741299271583,1.330258822441101,0.9112171113491059,1.65450179874897,0.8642337262630463,1.5452201336622238,0.7330860272049904,1.3189076155424115,0.9774206,0.014596173,0.16735248,0.3379014,0.013034107,0.4489789,0.8776745,1.1182429,1.0415848,0.9361818,500,25
5.095451,0.51066107,0.98043233,0.023824243,-0.11357894,0.13270798,-0.52323264,0.9617767,0.9165465,1.0822293,1.134637,1.0704461,4.6307044,0.08044991,9.727136e-05,6.785203e-05,0.036757037,0.051557496,0.058653627,0.0509679,0.021962808,0.028089834,0.03510421,0.02634065,1.9439292073249816,9.495050859451293,0.14296392165124416,1.1578980058431625,0.9646133735775948,0.9976068288087845,0.010778456483967603,0.04063495146110654,-0.48896479383111,0.2752890534698963,-0.30354816615581515,0.576063661277294,-1.0278883874416351,-0.054094816744327624,0.5011295951902867,1.402608188986778,0.667550191283226,1.2548733055591583,0.8088166311383247,1.4459923088550568,0.8200939029455185,1.5553798645734787,0.8088554248213768,1.446419835090637,0.97988766,0.014386298,-0.0854446,0.15584241,-0.5648993,0.97368556,0.9829643,0.9793648,1.0952986,1.0244571,500,25
8.049316,0.8558828,0.9871319,0.033750832,0.062208205,0.2904393,-0.35120967,0.6176308,1.0696739,0.9788679,0.86130404,0.74521536,2.2999902,0.039119605,8.112473e-05,0.00011600225,0.049241398,0.041341417,0.031509865,0.024133408,0.028034491,0.024639877,0.01748613,0.012482991,4.205306661128998,9.919631695747375,0.4201838247478008,1.1989324033260345,0.9701492220163346,0.9995290279388428,0.012750412710011006,0.05704676965251564,-0.3796687684953213,0.49152740985155097,-0.10871206521987914,0.6689518451690672,-0.701201842725277,0.01580775901675218,0.32435659766197206,0.929245787858963,0.7985734149813652,1.4506954073905944,0.7290770977735519,1.3281362801790237,0.6508515074849128,1.1657284259796141,0.5630340248346328,1.0176690220832825,0.9824768,0.013842689,0.08524762,0.27220786,-0.35155356,0.6441563,0.99822617,0.9663525,0.8278664,0.8071407,500,25
7.481813,0.64961797,0.9808468,0.03648595,0.18596543,0.48290682,-0.28081408,0.3925126,1.019485,1.0682207,1.1078379,0.94921523,3.2272968,0.040653624,0.0001254455,0.00014470867,0.047089297,0.048921917,0.051091462,0.04005042,0.024082677,0.02713654,0.02911387,0.022441685,3.9051313638687133,9.90311312675476,0.2954454407095909,1.0019872575998305,0.9591265037655831,0.997130087018013,0.017813497874885797,0.06166032403707504,-0.2350721575319767,0.6146005362272261,0.051570955663919456,0.9393095165491103,-0.7377742379903793,0.17956129945814606,-0.02272335886955261,0.7736423060297966,0.7653630748391151,1.3606481075286865,0.796193128824234,1.4482369631528855,0.8317798927426339,1.4817506283521653,0.7159128665924073,1.296877720952034,0.9732587,0.023506327,0.18967772,0.42685264,-0.2552465,0.4083793,0.996562,0.979569,1.0334408,0.87207216,500,25
7.4371576,0.8401661,0.9798847,0.027279492,0.29739785,0.481572,-0.43016562,0.553187,1.0693741,1.0978596,1.1098204,0.9061969,2.735902,0.060048785,8.7219734e-05,8.953692e-05,0.048541706,0.045757074,0.04804404,0.034838907,0.026373833,0.026027044,0.029265434,0.021806465,3.666686451435089,9.84436559677124,0.3336365811526775,1.2987961798906325,0.9630992636084557,0.9960338562726975,0.011959548760205507,0.047334380168467756,-0.1047407604753971,0.7497196882963181,0.05608379319310188,0.8995834589004514,-0.8722430631518364,0.006905920058488722,0.18714284747838975,0.9127666190266609,0.8025152906775475,1.3924869894981382,0.8283873662352562,1.4700286298990248,0.8392554983496666,1.505683970451355,0.6641042277216911,1.2281444013118743,0.9816659,0.015298843,0.27466106,0.47822073,-0.41445792,0.5742248,1.0032877,1.0498219,1.0123898,0.86467004,500,25
7.3116975,0.60839075,0.9777157,0.015059212,0.29789826,0.35214615,-0.9198975,0.6801926,1.0496981,1.070412,0.86311084,0.79283583,3.2662551,0.025538217,3.4582266e-05,4.639537e-05,0.048340905,0.046789393,0.031255476,0.026888259,0.028330129,0.029509375,0.017252546,0.016850881,3.452787220478058,9.91471004486084,0.2953215830028057,0.8951194003224373,0.966538767516613,0.9912849500775337,0.004947626253124326,0.030772752221673725,-0.11966173201799392,0.7274302572011946,-0.07531860917806625,0.8006955295801162,-1.2610639452934265,-0.573194207251072,0.35663143917918205,0.9928400918841361,0.77352075278759,1.424117907881736,0.8019974619150162,1.458034011721611,0.6343931779265404,1.1647302895784377,0.5882282465696335,1.0742609679698942,0.98057264,0.014291475,0.29094645,0.35284334,-0.9563268,0.7034365,0.9820203,1.0483397,0.83520645,0.81718016,500,25
7.658223,0.75929826,0.9834085,0.018830806,-0.023754526,0.11348058,-0.6224502,0.4495856,1.1086065,1.0724188,0.9523913,1.0941133,2.7386017,0.041580167,4.618274e-05,8.220216e-05,0.05072555,0.050923746,0.038913697,0.048003398,0.028740933,0.029196672,0.02314778,0.026138417,3.9607804000377653,9.901771879196167,0.3537449173629284,1.1243478536605835,0.9715945065021515,0.997691522538662,0.006894425267819315,0.040832297503948206,-0.4997093804180622,0.4404645733535289,-0.31592732295393944,0.5588793605566024,-1.001193457841873,-0.25320533812046053,-0.001300868391990661,0.8687644734978675,0.827567033469677,1.4883726865053175,0.8051633313298225,1.4294736176729201,0.7066048577427864,1.3062020778656005,0.8346241325139999,1.458670198917389,0.9783925,0.01380645,0.0013375139,0.04013102,-0.70320845,0.50343454,1.0442497,1.0392884,0.94528824,1.1507487,500,25
6.2893863,0.44933492,0.98401994,0.018195795,0.15230718,0.11840153,-0.599886,0.81922024,0.9023323,0.98590827,1.0112011,1.1038675,4.8888173,0.033706386,3.6178822e-05,6.794396e-05,0.032857582,0.03679201,0.039502636,0.05313052,0.01848574,0.024400856,0.025495427,0.027681192,2.255966401100159,9.745826506614685,0.13114080354571342,0.7700286373496055,0.9733688846230507,0.9962171986699104,0.005911161098629237,0.03795167114585638,-0.1784027125686407,0.5239615350961685,-0.2518160492181778,0.48806778341531754,-0.995001631975174,-0.24147111326456075,0.38092037811875346,1.2767237573862074,0.6871700748801232,1.200024390220642,0.7348077535629273,1.33703251183033,0.7570757523179055,1.3894442170858383,0.8352824479341507,1.4795572519302367,0.9770157,0.017155545,0.20957962,0.18207352,-0.60675836,0.8227254,0.9113544,0.94725806,0.9642568,1.0424681,500,25
7.152017,0.6951515,0.97505486,0.022826891,-0.031410746,0.19582762,-0.4160672,1.0307196,1.5141643,1.0417746,1.3081754,1.39094,3.7120712,0.047856364,6.4213615e-05,0.00011119712,0.09806467,0.041694593,0.069114685,0.07131844,0.051774148,0.026955836,0.042668242,0.046126176,2.980476665496826,9.859744024276733,0.24357843771576881,1.0614735901355743,0.9617824524641037,0.9932758465409279,0.008047861396335065,0.04796590497717261,-0.6393969565629959,0.6119031816720962,-0.19855196475982664,0.6104994997382163,-0.9440125912427902,0.10753960981965048,0.49595358967781067,1.5441124081611632,1.1255910784006118,2.026444512605667,0.7761830970644951,1.4151686996221542,0.9762448310852051,1.781146651506424,1.0263968884944916,1.8514838427305222,0.9754166,0.0160765,0.00046617267,0.13802716,-0.47417608,0.98002523,1.4300486,0.9504315,1.202455,1.2955139,500,25
6.833706,0.65473354,0.9754887,0.030984767,-0.26333338,0.30089772,-0.27664083,0.27935573,0.8204731,1.1581535,1.2792503,0.70366424,2.6824932,0.032418255,0.000118800825,0.0002221662,0.029284295,0.057376955,0.06827199,0.021496363,0.01686186,0.03212159,0.04303754,0.012595946,3.9010047018527985,9.870258092880249,0.33626787438988687,1.0370475351810453,0.9571557655930519,0.9951481238007546,0.009340827795676888,0.06116953613236546,-0.604998254776001,0.062147443369030844,-0.1540274865925312,0.776525093615055,-0.7613798096776009,0.2309240039438007,-0.025485288351774216,0.5637226998806,0.6087588861584663,1.1270583689212799,0.8693962723016739,1.567237243056297,0.9589773669838906,1.7591104298830031,0.53424291908741,0.9531606525182724,0.9711839,0.018900486,-0.28132322,0.23538618,-0.24244809,0.33425274,0.7731392,1.1517832,1.0749621,0.68920857,500,25
3.35642,0.25768214,0.97888374,0.031136507,0.13818909,0.16481127,-0.6275922,0.6511188,1.0966264,1.2810316,0.94075316,0.8952127,1.0412594,0.009063048,0.00010983823,0.00027857136,0.05063987,0.06861497,0.03993215,0.034178033,0.032740593,0.040984567,0.022477206,0.018351285,1.718995288014412,5.762402749061584,0.10989990755915642,0.4805458821356296,0.9613883465528488,0.9977732583880424,0.005326835834421217,0.06576949004083872,-0.2616532027721405,0.5894443064928053,-0.3402369491755962,0.6749755561351776,-1.0243104219436645,-0.22544001936912544,0.28862148746848104,1.013544526696205,0.8065032839775086,1.4921660006046296,0.9483334183692932,1.7468240112066267,0.7052093937993049,1.2833290815353393,0.6669532895088196,1.1964195728302,0.9741731,0.017294345,0.13608043,0.083817884,-0.6801658,0.6335779,1.0007875,1.2073139,0.91332144,0.8246591,500,25
8.199722,0.770466,0.97071147,0.017205063,-0.20779903,0.009373107,-0.062090755,0.75601614,0.8948621,0.9514639,1.0232152,0.9067576,2.32277,0.04980416,5.690461e-05,0.00014903964,0.032958057,0.037593797,0.04077384,0.038867228,0.02149204,0.022199253,0.026825165,0.02133927,4.243302536010742,9.923155879974365,0.3319717042148113,1.191647771000862,0.9572884947061538,0.9886807426810265,0.004614622890949249,0.04835860142484307,-0.5668239712715148,0.1579772312194108,-0.3772070840001106,0.4042916193604465,-0.450211551040411,0.33905895054340335,0.3657021462917328,1.1624217957258225,0.6561515599489212,1.234692597389221,0.7105354502797127,1.2729671001434324,0.7695707872509956,1.4296461999416352,0.6717747420072555,1.2424640238285065,0.9740982,0.014023062,-0.19460909,0.011878375,-0.08243275,0.74886185,0.85375774,0.8893412,0.9615018,0.8733546,500,25
4.191072,0.3909677,0.9806158,0.030016385,0.038096048,0.09030739,-0.4998751,0.66112095,1.2260404,0.8710906,1.1844568,0.78690434,1.9423305,0.025680548,9.704344e-05,0.00012190936,0.058757953,0.032363523,0.057792094,0.026541203,0.03738393,0.018467965,0.0349187,0.015769912,2.168673098087311,7.692802202701569,0.17532289400696754,0.7727680504322048,0.9633325442671776,0.9990161985158921,0.01008762614801526,0.05338476365432143,-0.4375316515564918,0.5231697589159011,-0.2500500626862049,0.4337395012378692,-0.9818611696362496,-0.032401142269373066,0.34122880548238754,0.9867451205849646,0.9117649465799331,1.642428395152092,0.664102353155613,1.1770890444517135,0.8877731844782829,1.6148101687431335,0.5884579673409462,1.0740647494792936,0.97558755,0.015658677,-0.06456684,0.09908434,-0.5402086,0.64239717,1.1780553,0.7856713,1.1002676,0.7387259,500,25
7.4825506,0.83584917,0.98697335,0.045712743,-0.012694817,0.6184935,-0.42069885,0.67331266,0.75489897,0.88288236,1.2498101,0.8885099,2.5170624,0.041959066,0.00011050269,0.0002190696,0.023631265,0.03147936,0.062683895,0.03302951,0.014950204,0.021465266,0.040863,0.018863702,4.03939642906189,9.876193737983703,0.43317711502313616,1.2344582021236419,0.9639893054962159,0.9998095870018006,0.021564892306923867,0.08175586275756357,-0.32365794852375984,0.2821263141930103,0.28293733298778534,0.977581676840782,-0.9382232844829559,0.07031010389327998,0.3083760507404804,1.0360638946294785,0.5574365079402923,1.0335550904273985,0.6587033182382583,1.2329750597476958,0.9191401317715645,1.719323718547821,0.6788918554782868,1.2067093700170517,0.9793061,0.017775614,0.027965616,0.61925125,-0.41325393,0.67997557,0.71550304,0.8643468,1.1028745,0.93895996,500,25
8.115089,0.72867227,0.96541345,0.022504084,0.14351392,0.37639365,-0.5253225,0.74935305,1.1032422,1.1179549,1.2820262,0.8918883,2.0214741,0.035247806,7.081476e-05,0.00013070843,0.05215591,0.048421964,0.06855249,0.029891087,0.028248714,0.028206838,0.04272933,0.020371815,4.80036278963089,9.946389842033387,0.34646519646048546,1.0728883892297745,0.9484817907214165,0.98372792750597,0.006665577564854175,0.05201622415333985,-0.3020901657640934,0.5814874678850173,-0.07022790014743804,0.813232360780239,-1.0263589143753051,0.0066934749484060824,0.40101292803883554,1.0797965466976165,0.8439849361777305,1.476883128285408,0.8360060214996338,1.490061995387077,0.9621456146240235,1.782213333249092,0.6669159233570099,1.2035764455795288,0.9677538,0.019338915,0.09317501,0.3503365,-0.51841336,0.7827674,1.0064772,1.0178988,1.1528261,0.8555986,500,25
5.0701575,0.54692155,0.9861281,0.02802526,0.11425152,0.18004191,-0.07413652,0.9137381,1.3089954,0.94569784,1.1886086,1.1771038,5.2121544,0.07444438,9.1947666e-05,9.2579656e-05,0.071159415,0.04001139,0.060107585,0.059463043,0.045187216,0.020321403,0.035181504,0.03145385,1.60039484500885,9.506525135040281,0.1371230497956276,1.0806464046239852,0.9676515057682991,0.9990162461996078,0.009887560433708132,0.04838538179174065,-0.4113548807799816,0.6507567644119262,-0.22169340513646602,0.5770697429776191,-0.5655107453465462,0.4209959499537944,0.43426582366228106,1.435304310917854,0.9853127047419548,1.831627359986305,0.7128262877464294,1.2547071576118467,0.8845840811729432,1.6267626911401747,0.8691058218479156,1.5458616644144059,0.97985935,0.018050132,0.13027328,0.24540322,-0.11848336,0.841103,1.2247131,0.8821211,1.0922564,1.1004375,500,25
5.565874,0.49837294,0.9772809,0.010756869,-0.09677939,0.40858114,-0.1154955,0.5056395,1.236865,1.3574488,1.0164067,1.2626772,5.131446,0.056877702,2.636933e-05,0.00013716663,0.06480984,0.06884069,0.04149007,0.06027877,0.034975834,0.04335478,0.023380777,0.036739975,2.320366823673248,9.720981621742249,0.17907079979777335,0.9710165038704872,0.967532841861248,0.9924737498164177,0.00035664284368976953,0.03720640474930405,-0.5953331455588341,0.41137303039431544,-0.10033412054181098,0.9293880984187125,-0.5168848156929016,0.29457499906420703,0.02030978053808213,0.9722212433815001,0.9349858880043029,1.654976350069046,1.0033601760864257,1.8267810136079785,0.7705319300293922,1.364631551504135,0.9423986613750458,1.709674388170242,0.97675467,0.014841881,-0.11742168,0.39323643,-0.17979203,0.46751186,1.2019107,1.2434152,0.9780626,1.1678118,500,25
