mu_sigmasq,beta_sigmasq,sigma_mu_x,mu_a,sigma_a,w0,w1,w2,sigma_w0,sigma_w1,sigma_w2,mu_sigmasq_var,beta_sigmasq_var,mu_a_var,sigma_a_var,w0_var,w1_var,w2_var,sigma_w0_var,sigma_w1_var,sigma_w2_var,posterior_q25_mu_sigmasq,posterior_q975_mu_sigmasq,posterior_q25_beta_sigmasq,posterior_q975_beta_sigmasq,posterior_q25_sigma_mu_x,posterior_q975_sigma_mu_x,posterior_q25_mu_a,posterior_q975_mu_a,posterior_q25_sigma_a,posterior_q975_sigma_a,posterior_q25_w0,posterior_q975_w0,posterior_q25_w1,posterior_q975_w1,posterior_q25_w2,posterior_q975_w2,posterior_q25_sigma_w0,posterior_q975_sigma_w0,posterior_q25_sigma_w1,posterior_q975_sigma_w1,posterior_q25_sigma_w2,posterior_q975_sigma_w2,mean_subject_true_a,sd_subject_true_a,mean_subject_true_w0,mean_subject_true_w1,mean_subject_true_w2,sd_subject_true_w0,sd_subject_true_w1,sd_subject_true_w2,num_trials,num_subjects
0.18936199,0.37203342,0.5290026,0.9604026,0.021602374,-0.24513951,0.25504965,0.16456598,0.9699075,0.9963746,0.8403193,0.00062379387,0.0068037864,2.2676726e-05,1.5918968e-05,0.019040167,0.020281091,0.015997333,0.009266951,0.010673623,0.0072932914,0.15132538676261903,0.2489529300481081,0.22929321452975274,0.5406681820750235,0.4285849243402481,0.6647285863757133,0.9528945878148078,0.9724404439330101,0.015750990808010103,0.03175256121903657,-0.5097050607204437,0.016635137423872924,-0.02833334133028984,0.5294620782136917,-0.08447525277733801,0.41997906565666193,0.7956027537584305,1.174910318851471,0.8261803105473519,1.2313081949949265,0.695174577832222,1.0230395942926407,0.95864713,0.020040557,-0.24254467,0.24467851,0.16960678,0.9450611,0.98341036,0.80987567,5000,50
0.18661003,0.42874333,0.5176011,0.976881,0.029597368,0.14919515,0.10701826,-0.0076062996,1.318461,1.0492548,0.9047427,0.00055456953,0.009460997,6.9034155e-05,3.4206267e-05,0.03269419,0.023214662,0.015632585,0.019806752,0.011987574,0.0086041475,0.15077574513852596,0.2461597442626953,0.2695901460945606,0.6399960696697234,0.4220180965960026,0.6391271755099296,0.9629050061106682,0.9932941302657128,0.0199929007794708,0.04169920580461621,-0.2054936047643423,0.498013012856245,-0.20739176869392395,0.4039730355143547,-0.2550746284425259,0.2438318345695733,1.078528243303299,1.629009535908699,0.8626973330974579,1.2853703230619429,0.7457801267504692,1.1105285435914993,0.96403056,0.021996606,0.15209645,0.106172234,-0.019978313,1.2545389,1.0140011,0.870367,5000,50
0.19953151,0.30764663,0.48079214,0.9743704,0.02959446,-0.26474494,0.26373088,-0.1491096,0.97682303,0.8919153,0.97131056,0.00088640273,0.0041861013,7.3489966e-05,3.9624796e-05,0.018693788,0.015443688,0.017103795,0.010139604,0.009023275,0.009749017,0.15362832993268966,0.2718965128064156,0.19971775636076927,0.45026822537183764,0.39294920191168786,0.5892861023545265,0.9611104935407638,0.9928422793745995,0.019574404368177055,0.042644307203590866,-0.5401886433362961,0.004231481254100738,0.023330797255039216,0.5201393187046051,-0.406505037099123,0.11870098821818827,0.8034462824463844,1.204230335354805,0.7288957729935646,1.1188449501991269,0.8038923084735871,1.2001841545104979,0.96277374,0.0222574,-0.2643399,0.27240032,-0.1543275,0.9425335,0.868663,0.9426023,5000,50
0.22739063,0.41066146,0.5033897,0.9703153,0.025254145,-0.041474655,0.24704945,-0.106883205,1.0628815,0.90082115,0.99728215,0.0009911159,0.008239411,5.7526002e-05,3.739017e-05,0.021896867,0.0170462,0.020163922,0.011431635,0.008534218,0.010518205,0.17741983942687511,0.30281519517302513,0.26159664168953894,0.6091557592153549,0.40289629325270654,0.6227685958147049,0.959717309474945,0.9888797730207444,0.0167219664901495,0.04025118788704276,-0.3478333443403244,0.24959330707788446,-0.00024774298071860763,0.5072176590561865,-0.40217265114188194,0.17947491817176336,0.8695291101932525,1.2778827250003815,0.7453835844993592,1.103977656364441,0.8312721118330956,1.229750421643257,0.96198165,0.021999998,-0.04267623,0.2438893,-0.113919474,1.0466512,0.8776062,0.9553651,5000,50
0.21092227,0.38700327,0.5524149,0.97176594,0.021902146,-0.15598856,0.4799564,-0.20585746,1.17464,0.8160917,1.0449332,0.00074174156,0.0068678823,5.1249626e-05,3.209939e-05,0.027690789,0.013909537,0.022288915,0.013749251,0.0069322386,0.012891394,0.1681196317076683,0.2739589385688304,0.24644022323191167,0.5674651697278023,0.4511176958680153,0.6848040178418159,0.961956387758255,0.9909132733941078,0.01369718846399337,0.03486105585470795,-0.4931146867573261,0.17901890650391566,0.2514775708317757,0.7053021773695946,-0.4866941288113594,0.09229827336966982,0.974181592464447,1.4324314564466476,0.6695500984787941,1.0014364361763,0.8544078737497329,1.2985591769218443,0.96718276,0.017280648,-0.14842959,0.4682502,-0.201927,1.1259842,0.7923647,1.0016183,5000,50
0.20275736,0.4531707,0.55340236,0.9798034,0.02750406,0.094816715,0.19062607,-0.16390768,1.187598,1.1755189,0.98582566,0.00061911496,0.010991322,5.5135006e-05,2.8188198e-05,0.02974773,0.02902311,0.019571705,0.016248014,0.015970282,0.009986671,0.1644683677703142,0.2593804761767387,0.2661031946539879,0.6608563899993897,0.4510894186794758,0.6882598355412483,0.9670796275138855,0.993412047624588,0.01797837419435382,0.03776697348803282,-0.2425339087843895,0.4439507745206356,-0.1549137383699417,0.5158545210957527,-0.42534082755446434,0.11493385285139084,0.9660842314362525,1.4558202505111695,0.9756883412599564,1.4545836299657822,0.8127945899963379,1.2086767345666884,0.9673459,0.020067548,0.10717833,0.17717743,-0.16435644,1.1415982,1.129975,0.957636,5000,50
0.19801372,0.49581453,0.6179588,0.9814354,0.0329632,-0.07472472,0.45376366,-0.4311277,1.0946947,1.026137,1.2198439,0.00053004036,0.011468601,6.6372e-05,3.235551e-05,0.024324963,0.021108495,0.029142462,0.012629409,0.010951999,0.015659114,0.16072488948702812,0.2558646149933338,0.3158875860273838,0.7348211109638214,0.4925002925097942,0.7751097187399864,0.9658184334635734,0.9944089725613594,0.02222278486005962,0.04436449659988284,-0.36416636109352113,0.22439056262373921,0.17856108993291855,0.7343484699726104,-0.7717521131038666,-0.10161392539739617,0.9025616511702538,1.3393709778785703,0.8569297507405281,1.2410537540912627,0.996348574757576,1.490716615319252,0.96486634,0.021163024,-0.079553336,0.44915846,-0.40999174,1.071416,0.99646366,1.1481462,5000,50
0.16704734,0.4023354,0.6146118,0.97521096,0.029771496,0.15919115,-0.013825043,-0.038836665,0.9813687,1.0090593,1.0551417,0.00041745818,0.008249164,6.9461676e-05,3.6038564e-05,0.018574864,0.019750291,0.021833338,0.010738018,0.011747006,0.011483517,0.1366764310747385,0.2154307421296834,0.24489183053374292,0.6050968691706657,0.49099228754639623,0.767374986410141,0.9613103792071342,0.9926336735486985,0.020227826852351426,0.04242134280502796,-0.09439225494861603,0.43848629593849175,-0.29219641387462614,0.24910210967063903,-0.3325034789741039,0.2413697984069585,0.7936916828155518,1.2091061353683472,0.8278041705489159,1.2527219980955122,0.8659015715122222,1.2935943126678466,0.9624834,0.021136774,0.15760185,-0.011552102,-0.043049898,0.95445275,0.9747249,1.0211022,5000,50
0.21626863,0.45409727,0.44488746,0.9790005,0.030831404,-0.07100975,0.25028414,0.09235471,0.8814955,1.0152527,0.91964674,0.0007946459,0.011359948,6.0588594e-05,2.8377866e-05,0.015223125,0.020056127,0.015604091,0.009155932,0.011299981,0.008648373,0.17426623068749905,0.28156761676073067,0.2829848535358906,0.6966011732816696,0.3572480842471123,0.5457019537687301,0.9650189265608787,0.9930816769599915,0.02151452386751771,0.041703498084098095,-0.3147365562617779,0.17971026971936224,-0.046033816784620284,0.5332890450954436,-0.15081712529063224,0.3348258584737777,0.720567038655281,1.098294883966446,0.8333379477262497,1.2502674549818038,0.7604866072535514,1.119314268231392,0.96527004,0.021073919,-0.06517848,0.259771,0.08878927,0.8484676,0.9970831,0.8859782,5000,50
0.23401472,0.42815274,0.43307889,0.9682355,0.02184409,0.021326195,0.035478376,-0.16050977,0.9696936,1.1006548,1.1426617,0.0009803697,0.007861284,2.7767821e-05,1.994449e-05,0.019020848,0.024171341,0.026696298,0.0101809995,0.0134363165,0.013281165,0.18792478926479816,0.3129715859889984,0.27317496985197065,0.6249281361699104,0.3479238890111446,0.538285793364048,0.9603031918406486,0.9813408181071281,0.015086295502260327,0.03194091999903321,-0.27354627549648286,0.3018241040408611,-0.2680902071297169,0.3483077012002468,-0.48226863890886307,0.16283626221120356,0.7937342673540115,1.1791746020317078,0.8992791876196862,1.3466844469308852,0.9490872219204902,1.4018294274806977,0.9635043,0.01851592,0.022355318,0.025742553,-0.17203952,0.93615323,1.0500698,1.1120183,5000,50
0.20363872,0.61832374,0.51893044,0.97558415,0.019349424,0.18907899,0.15567905,-0.2828503,1.1141162,0.9378763,0.99118453,0.00043205288,0.020199643,3.6353e-05,2.3977947e-05,0.026258597,0.01756445,0.018942848,0.012668948,0.0089330105,0.0107473945,0.17073182724416255,0.24900841191411013,0.3762139856815338,0.9387763932347297,0.41491411104798315,0.6542091682553292,0.9673641204833985,0.9919817909598351,0.012372046802192926,0.03092767144553363,-0.1299152486026287,0.5045991271734237,-0.1144778672605753,0.40662491992115973,-0.5530607536435127,0.001876896619796751,0.9224128231406212,1.3582212299108505,0.770770575106144,1.1359893292188645,0.8144465148448944,1.2366353541612625,0.96991515,0.017866215,0.19325,0.15419437,-0.27875927,1.0693166,0.90887105,0.95497763,5000,50
0.18922661,0.49061045,0.49092513,0.978163,0.026639173,-0.05632188,0.016846618,0.03264741,1.0383471,1.0061486,1.1852186,0.0004679118,0.011112387,6.353043e-05,3.777011e-05,0.021620229,0.020242235,0.029917454,0.011885136,0.011026886,0.014501857,0.15540062338113786,0.23543352745473384,0.3126364342868328,0.7222404852509497,0.40039959773421285,0.6087322384119034,0.9651486128568649,0.9935001149773598,0.015903419768437742,0.03915305351838469,-0.356484854221344,0.23185135200619697,-0.26437639594078066,0.28194717168807976,-0.2898403234779835,0.3644534513354301,0.8385170355439187,1.2746221125125885,0.8189441144466401,1.23778580725193,0.9704046502709389,1.4340587198734283,0.967179,0.01929833,-0.052959193,0.018083315,0.035370782,0.98548245,0.9657943,1.1412314,5000,50
0.19866572,0.536584,0.4415196,0.9810615,0.039783187,0.12970917,0.22793116,-0.17891413,1.0271907,0.95628625,1.1030581,0.00045078542,0.015069068,7.581283e-05,3.755267e-05,0.022216326,0.019144138,0.024009623,0.011365771,0.01091951,0.01379284,0.16431582979857923,0.24682337380945682,0.3346028313040733,0.8237711191177366,0.35616384968161585,0.5402855768799781,0.9643553212285042,0.9944424629211426,0.02879306310787797,0.052743025962263344,-0.1585383951663971,0.4461686976253986,-0.03322596363723278,0.5011214554309845,-0.4742975242435932,0.1493801277130842,0.8498932242393493,1.2720584839582443,0.7811348184943199,1.1893681734800339,0.9001604378223419,1.3490797758102417,0.96115005,0.02563621,0.12510435,0.2235308,-0.16936958,0.98663336,0.9228008,1.0581633,5000,50
0.19897921,0.6021454,0.49740773,0.9712233,0.034761164,0.03640046,0.2706114,-0.27302706,0.95068556,1.1056204,1.1632415,0.0004208435,0.018455105,0.00010793691,6.977389e-05,0.01927411,0.023525747,0.026579082,0.009506726,0.013384794,0.014321215,0.16547356359660625,0.24350972473621368,0.3730471976101398,0.8977041020989417,0.40236143246293066,0.6167987018823624,0.9551188036799431,0.9925484851002693,0.021215570298954843,0.05156187107786536,-0.22739505730569362,0.3046014256775379,-0.017071615159511562,0.5719201475381851,-0.57665206938982,0.05245443359017336,0.7941683784127236,1.1588511705398559,0.8992884442210197,1.3509255975484846,0.9632697954773903,1.4265275120735168,0.95806164,0.022359142,0.039980546,0.2651502,-0.2819142,0.9140264,1.076751,1.117018,5000,50
0.19086738,0.48602948,0.5289396,0.98356414,0.03234659,0.027808,0.22812442,-0.13690116,0.97629154,0.9607605,1.192128,0.00049636606,0.012561115,5.6692686e-05,3.3406915e-05,0.019900948,0.018197998,0.027791386,0.010658925,0.010403191,0.015884079,0.15566571652889252,0.24459440670907498,0.29340539798140525,0.7246997371315955,0.43117895424366,0.6596928134560585,0.9681287169456482,0.9944762408733367,0.021621673554182052,0.044604003243148324,-0.24966127686202524,0.29410857111215577,-0.04193446971476077,0.48473777547478675,-0.44327566027641296,0.18965360708534712,0.7975120723247529,1.2033021509647368,0.7923852324485778,1.1843920111656188,0.9794559836387634,1.4721637696027754,0.9667906,0.020026216,0.01325283,0.23460872,-0.1260016,0.9440862,0.9439884,1.148716,5000,50
0.19268078,0.6088606,0.504738,0.9689747,0.019758746,0.23034349,0.19252165,0.1524935,1.0597165,0.9980059,0.9125429,0.00039245843,0.020260796,3.0013607e-05,1.8818639e-05,0.021650707,0.020691823,0.017502856,0.01172192,0.010693646,0.008638955,0.1601313829421997,0.23648637309670445,0.3772008627653122,0.93163718432188,0.40555221661925317,0.6302106067538261,0.9615015029907227,0.9844270199537277,0.013911220571026206,0.0312867353670299,-0.06861844286322594,0.5113300472497939,-0.09455922991037367,0.4781525179743767,-0.11103393100202083,0.4101670019328594,0.8633410587906838,1.2903518766164777,0.8158332899212837,1.2119074881076812,0.7463067755103111,1.1068519324064254,0.96428174,0.017625436,0.23893097,0.18656658,0.14657782,1.018045,0.9504156,0.8831276,5000,50
0.1922469,0.41937137,0.6454649,0.9758475,0.034891855,-0.08177355,0.047193095,0.028204625,1.0856451,1.0533074,0.93093246,0.000581597,0.008227557,0.00010247461,4.896409e-05,0.02530695,0.021909662,0.016786639,0.013341474,0.011719746,0.00843716,0.15516938753426074,0.2559457264840603,0.26400447338819505,0.6234196767210959,0.5254659369587898,0.8022053629159925,0.958979395031929,0.9936615347862243,0.02253186022862792,0.048344855476170775,-0.4137973293662071,0.2124666146934032,-0.2205060962587595,0.34276710152626033,-0.22785888947546482,0.27105755880475013,0.8982331171631813,1.3412054985761641,0.8719634175300598,1.2982033789157867,0.7817541018128396,1.1285999208688735,0.96015006,0.0237459,-0.07752545,0.043932047,0.020827608,1.0441984,1.0281581,0.8987691,5000,50
0.19538786,0.49705923,0.5137851,0.9742293,0.032025233,-0.09515028,0.124078006,-0.23384604,0.9638264,1.0367218,1.0169582,0.00056633545,0.011422862,9.8689634e-05,4.164807e-05,0.019243602,0.022445416,0.021170449,0.009967599,0.0109946905,0.011092121,0.15844436027109624,0.24986970499157907,0.31862773671746253,0.7354056239128113,0.4155058622360229,0.6341523662209511,0.9592860341072083,0.9939509317278862,0.021590777905657887,0.04586805887520312,-0.356267911195755,0.18344689235091208,-0.18433009050786495,0.402108259499073,-0.5150193870067596,0.05838065668940544,0.7920871078968048,1.1875479906797408,0.8513449311256409,1.263303142786026,0.8335396245121955,1.2405047923326493,0.96073127,0.022892825,-0.10057339,0.12256644,-0.24274127,0.9365582,0.9971402,0.98869133,5000,50
0.22848253,0.35321218,0.6195111,0.9725065,0.033495,0.2717676,0.3976567,-0.081170544,1.0392729,1.030199,1.1408917,0.0012498008,0.006489273,8.79146e-05,4.2648182e-05,0.021825176,0.019675352,0.026527865,0.0112191755,0.012879737,0.013250816,0.1764890443533659,0.313053973019123,0.22005076557397843,0.5270534977316856,0.49452225491404533,0.7860191598534584,0.9575196787714958,0.9922796949744225,0.022720334772020578,0.0469251130707562,-0.02720383182168007,0.5657757684588431,0.11915040090680122,0.6738596722483634,-0.4103549212217331,0.23319535925984378,0.8526918217539787,1.259211227297783,0.839355719089508,1.2848786324262618,0.9422099113464355,1.3837552905082702,0.9607402,0.020518603,0.26272997,0.39486805,-0.09440689,1.019636,0.9931394,1.1019181,5000,50
0.20608763,0.4546769,0.54798716,0.9685441,0.028829487,0.18336225,0.37306738,0.09183422,1.0976053,1.2475497,1.0375443,0.000700133,0.0103004025,7.069996e-05,4.3798154e-05,0.022562353,0.033686083,0.022082921,0.013298495,0.01714026,0.011554206,0.16655302308499814,0.2671856716275215,0.27976070195436475,0.6755987137556075,0.45532006546854975,0.6686581954360008,0.9564215496182442,0.988618029654026,0.018262417614459993,0.04346609096974134,-0.12465504631400108,0.48280258104205126,0.026376955211162567,0.7450897216796875,-0.21141235455870627,0.3592445984482762,0.9024330332875252,1.3351531714200973,1.0306319087743758,1.5414585769176483,0.8482754155993462,1.260403251647949,0.96076,0.020059759,0.18203695,0.36599648,0.08355972,1.0628095,1.2121514,1.0168016,5000,50
0.1844391,0.3995273,0.46949708,0.96630317,0.02076496,-0.27188203,0.3433185,-0.11142441,1.008502,1.0405684,0.9546712,0.00051715795,0.0071289423,2.710083e-05,1.8405352e-05,0.01972649,0.02362877,0.01782549,0.010700909,0.011085366,0.010029288,0.14813242182135583,0.23511851392686367,0.2614219762384892,0.5807636648416519,0.38551680073142053,0.5724620848894119,0.9587314516305924,0.9794186279177666,0.01462856880389154,0.03140185819938778,-0.5549369901418686,0.011828846484422615,0.052188287675380717,0.6619246602058411,-0.37386853992938995,0.1438159786164759,0.8297663182020187,1.2457415282726287,0.8685820087790489,1.2682306379079817,0.7807702660560608,1.168313631415367,0.96260166,0.019756516,-0.27665666,0.34709796,-0.10401651,0.9761975,1.0173559,0.9368952,5000,50
0.20773764,0.7067161,0.55342954,0.9696429,0.026326528,-0.03800846,0.02178803,0.2524522,0.87278664,0.9869672,1.0981984,0.00044807233,0.02360507,5.829781e-05,3.3692762e-05,0.015405494,0.020631703,0.02467548,0.009990828,0.010464704,0.0139994705,0.17311202697455882,0.25194256529212,0.4297785319387913,1.0328127086162566,0.449407783895731,0.685884690284729,0.9591019377112389,0.9901194304227829,0.017603786941617728,0.04062824845314026,-0.28462094217538836,0.20344646573066705,-0.2521968849003315,0.3050259105861186,-0.06904938966035842,0.5705189511179923,0.7086344793438911,1.0976206481456754,0.8065564095973968,1.2128871440887452,0.9041020542383194,1.3557173371315,0.96364164,0.01897871,-0.03168387,0.012327883,0.23733772,0.8399815,0.95149785,1.0413821,5000,50
0.19419974,0.42314595,0.51246774,0.98406863,0.04075385,-0.041416723,0.2619733,-0.25751927,1.0249228,0.8907628,1.1341377,0.00061698334,0.008142349,5.0199338e-05,2.6638845e-05,0.020717101,0.01600905,0.02457259,0.011742737,0.009349696,0.013273108,0.15676620192825794,0.24831020534038542,0.2653489656746387,0.6210631534457206,0.40757753029465676,0.6439682826399803,0.9684096843004226,0.9943280845880509,0.031143529620021582,0.05154911195859313,-0.31676950827240946,0.2406803913414478,-0.001728735864162445,0.5120654881000519,-0.5511054068803787,0.047743343934416635,0.8524328574538231,1.2726325660943985,0.7230449706315994,1.0982607811689375,0.9465556293725967,1.401421657204628,0.96202296,0.025283756,-0.047900617,0.26698628,-0.2515478,1.000472,0.84638256,1.0865039,5000,50
0.20034711,0.35134023,0.44397572,0.97820973,0.03787305,0.1968245,-0.10081647,-0.3675322,1.0629361,1.1650648,1.0711756,0.0009385659,0.007697446,8.7604705e-05,4.6669324e-05,0.021827554,0.0278169,0.023632035,0.011873907,0.013966671,0.01193018,0.15033209882676601,0.2747711539268493,0.20592250414192678,0.5574267476797103,0.3578242242336273,0.5531545102596283,0.9608120068907737,0.9937661364674568,0.024774439353495836,0.05151947811245918,-0.08816222660243511,0.4903456255793571,-0.4267654322087765,0.2245471492409706,-0.662982314825058,-0.0854370087385178,0.873957434296608,1.2936043322086332,0.9648316502571106,1.4224773854017256,0.886168646812439,1.2984997123479842,0.96077925,0.02352857,0.19865929,-0.09147751,-0.3770372,1.016278,1.1305572,1.0304275,5000,50
0.21166377,0.3679175,0.5875004,0.97826505,0.027182397,-0.047705304,0.06925412,0.3141935,1.129621,0.89230365,1.0241876,0.0008554118,0.0060707824,6.4317705e-05,3.7937385e-05,0.025230382,0.015517907,0.021669617,0.013133458,0.007915897,0.011745394,0.16522311829030514,0.28019637912511824,0.2268603414297104,0.5386774078011513,0.47070523500442507,0.7394003108143806,0.9653664976358414,0.9937494292855262,0.0170339226257056,0.040218651294708245,-0.35795520767569544,0.2621488787233829,-0.18088870346546174,0.31536644697189314,0.01703106164932252,0.5994302481412888,0.9359915167093277,1.3646541684865952,0.7411865770816803,1.0929147511720658,0.8462968468666077,1.2761195003986359,0.9663526,0.018920582,-0.05266674,0.061492596,0.31206024,1.0963869,0.8656928,0.97429806,5000,50
0.2023483,0.5221344,0.5292405,0.9709611,0.024739275,0.0632279,0.31794554,-0.04353596,1.0337088,0.85382366,1.003062,0.0005177084,0.0150887435,6.627748e-05,4.789651e-05,0.021589573,0.016220903,0.01955455,0.011521811,0.00817949,0.010338368,0.16504431515932083,0.2546495333313942,0.30825697258114815,0.7843667536973953,0.4338792361319065,0.651203578710556,0.9602314069867134,0.9918569609522819,0.015212720679119229,0.041457771509885784,-0.2303187184035778,0.34447207748889913,0.0605853907763958,0.5667204141616821,-0.3175258092582226,0.2070622511208057,0.8472190201282501,1.2586824744939802,0.6973370626568794,1.044045516848564,0.8213331580162049,1.2219954550266265,0.9646836,0.020634174,0.07059807,0.3275888,-0.043435153,0.98633564,0.82277286,0.97048205,5000,50
0.19548036,0.45735022,0.48823527,0.97032255,0.022263702,-0.025403561,-0.09799293,-0.22229855,1.0195506,0.90986675,1.0276856,0.0005102952,0.009941845,3.9691306e-05,2.319386e-05,0.02108677,0.016745828,0.022444598,0.010455708,0.009047663,0.011218712,0.15947559103369713,0.24669610299170017,0.28989647328853607,0.6730253145098686,0.3997956305742264,0.5950312927365303,0.9612892746925354,0.986182390153408,0.015123539930209517,0.033760347310453645,-0.30865795761346815,0.2587862238287925,-0.3595018684864044,0.16034927107393734,-0.5071518540382385,0.09495961330831043,0.8337851509451866,1.2336299806833266,0.7448686346411705,1.1142993509769439,0.8337619841098786,1.2584772437810898,0.96469265,0.022052087,-0.013589945,-0.09506091,-0.21783538,1.001362,0.8944323,1.004702,5000,50
0.20318891,0.5592338,0.5290062,0.9790919,0.034103677,0.030269757,0.11147298,-0.26572952,0.9193138,0.959982,0.9824299,0.0004291991,0.013555108,7.191075e-05,3.754286e-05,0.01782625,0.01767858,0.01985721,0.009414802,0.0101677235,0.01123126,0.1697855733335018,0.24921090342104435,0.3533912569284439,0.8249771356582641,0.42774046435952184,0.6602020114660263,0.963302506506443,0.9938574939966202,0.02347721066325903,0.046638176590204236,-0.22735226936638356,0.30660307779908175,-0.14254477433860302,0.3790550716221332,-0.5548901543021202,0.01022863835096346,0.7519591748714447,1.1258826225996017,0.7787660256028175,1.1782521963119506,0.8070341005921364,1.2225483179092407,0.9638408,0.022106627,0.04293454,0.10522901,-0.25182697,0.8891821,0.9259762,0.94144106,5000,50
0.19500002,0.43806264,0.49791235,0.981032,0.03285517,0.0825924,0.31663027,-0.32764292,1.0514761,1.060552,0.9806594,0.0006258655,0.011836356,6.696846e-05,3.2141652e-05,0.024631098,0.023037499,0.019780794,0.0130087305,0.011805443,0.00979666,0.1562300708144903,0.25638204738497733,0.2592847116291523,0.6853008985519409,0.4057967260479927,0.6165559232234954,0.9644051164388656,0.9942248150706291,0.022413542540743948,0.04399239979684353,-0.21414828561246393,0.39065500199794745,0.019552661478519442,0.6024310052394866,-0.595551484823227,-0.039578349888324794,0.8556333795189858,1.3128912627696991,0.8776439264416694,1.2929488450288773,0.8170060098171235,1.1993634134531022,0.96338606,0.023883536,0.08503563,0.31788352,-0.3167508,1.0094911,1.0089781,0.9391127,5000,50
0.19225186,0.38035738,0.51638895,0.9768188,0.037829798,0.05392645,0.04233607,0.005738333,0.98522246,1.1436932,1.0306224,0.00076015136,0.007917567,9.318208e-05,4.1687377e-05,0.019806368,0.026331807,0.021617938,0.010569599,0.013950442,0.0105312625,0.15309009402990342,0.2582365669310092,0.2310223460197449,0.5657664403319359,0.41796939373016356,0.6383170679211616,0.9592589899897576,0.9932968556880951,0.02587802056223154,0.05066178319975734,-0.22384081371128559,0.3217419736087322,-0.2848920725286007,0.3754480622708797,-0.2802026614546776,0.29972558170557007,0.8033203676342964,1.191175779700279,0.9279814049601555,1.4005167424678802,0.8502788454294204,1.2627883791923522,0.9584653,0.025428016,0.051418945,0.03841079,0.0076206443,0.95783174,1.1179461,1.0028937,5000,50
0.19420066,0.5049696,0.47479984,0.98034596,0.0352598,-0.15921688,0.07784144,-0.30356362,1.0102445,1.0325936,1.0945754,0.00049783697,0.013164558,7.485217e-05,3.895546e-05,0.021568978,0.020967264,0.025509164,0.011885465,0.011683765,0.011935892,0.16022589318454267,0.247005595266819,0.31246727928519247,0.7497006073594092,0.38630719259381296,0.590538027882576,0.9639367565512658,0.9942431852221489,0.02357419147156179,0.04857503706589341,-0.45117259919643404,0.13155659884214402,-0.21656513176858425,0.3676858015358448,-0.6037499934434891,0.0070263810455795895,0.8352128088474273,1.2615014851093291,0.851534117758274,1.2578508764505385,0.907846650481224,1.328609585762024,0.963494,0.023020163,-0.15829529,0.08106188,-0.30431256,0.98559564,0.99516547,1.0543976,5000,50
0.22868638,0.3307068,0.4631847,0.9769958,0.023250956,-0.27056143,0.18037894,-0.17357099,1.0065985,0.95770216,0.9726688,0.0013082707,0.006157519,5.107746e-05,3.0220102e-05,0.021544615,0.019128183,0.018522415,0.0114544965,0.010256637,0.009527262,0.17411182895302774,0.3143099769949913,0.20206323973834514,0.5121925234794616,0.36646246165037155,0.5857860147953033,0.9660805910825729,0.9929813504219055,0.015038795373402535,0.03510816004127264,-0.5522246599197388,0.017939124256372386,-0.08848016038537025,0.4646749019622802,-0.44589404538273814,0.0907282270491123,0.8207927227020264,1.2372071146965027,0.7771450147032738,1.1906972497701644,0.8025344908237457,1.1873293936252594,0.96847,0.018696997,-0.26427495,0.1670887,-0.17495605,0.9842949,0.933336,0.9401944,5000,50
0.19334224,0.45379716,0.52467155,0.9708853,0.027233249,-0.06326039,0.07995928,0.16934535,1.0003177,0.99995315,0.95116234,0.0005158846,0.009733465,5.8841048e-05,3.1512773e-05,0.019971844,0.018813005,0.017664399,0.009986589,0.010677275,0.009767563,0.1579111408442259,0.24473780579864976,0.28032003715634346,0.6630038142204284,0.42113768830895426,0.6427749767899513,0.9595637306571007,0.9896698072552681,0.018628699332475664,0.03981888359412551,-0.3520246483385563,0.2097414173185823,-0.1745173916220665,0.36065177768468853,-0.08898258619010448,0.43128077760338784,0.8332460924983025,1.236016324162483,0.8236749976873398,1.2332053422927856,0.7852360740303993,1.1740987718105316,0.96181697,0.02189615,-0.056987848,0.077136666,0.16288623,0.9693328,0.9635454,0.9289181,5000,50
0.1943739,0.56549805,0.54594207,0.97351617,0.029886303,0.10275359,0.2884054,-0.13187084,1.3226519,1.0172936,1.2294095,0.00046069254,0.015737807,7.5507065e-05,4.1437845e-05,0.033418626,0.020037087,0.032647494,0.017734837,0.012452476,0.015952492,0.16064949408173562,0.2445699617266655,0.3576654113829136,0.8377249076962471,0.4386925496160984,0.6794080674648284,0.9602801382541657,0.9922981202602387,0.01944176582619548,0.04338867086917161,-0.276393386721611,0.4693719603121281,-0.006975087523460382,0.5721129342913627,-0.49389163553714754,0.23562044240534305,1.0858944296836852,1.5987375110387803,0.8215959057211876,1.2721719920635222,1.0033595949411391,1.4973052352666854,0.9632542,0.021427188,0.10547073,0.29148966,-0.12618276,1.2813035,0.98221564,1.1943959,5000,50
0.1908419,0.45465574,0.56029564,0.9784457,0.037335016,0.31775966,0.32348394,-0.03142526,0.94030374,0.96968055,1.0149604,0.0005280829,0.010019394,8.416345e-05,3.7350295e-05,0.017957814,0.019986613,0.020578008,0.010204788,0.010653647,0.011010312,0.15610894337296485,0.24479203373193736,0.2737507835030556,0.6725249037146568,0.4542515747249126,0.7002562955021858,0.9608182460069656,0.9939373910427094,0.026428710902109742,0.05036310674622655,0.06253087073564531,0.568587677180767,0.04173256978392602,0.5925246790051459,-0.3060175061225891,0.2457879062741994,0.7690973937511444,1.1652338296175002,0.8013118579983711,1.1932843774557114,0.8297346472740174,1.242520174384117,0.9625652,0.022308389,0.30732656,0.3156856,-0.027434597,0.88765967,0.9181313,0.97338724,5000,50
0.1863406,0.47332248,0.58335155,0.9863041,0.035281777,0.057024017,0.039803196,-0.08547099,1.0517398,0.8785024,0.8789145,0.0004797713,0.010415368,3.6251673e-05,3.0236592e-05,0.022691682,0.015013445,0.015746571,0.013937103,0.007886955,0.008061038,0.15182207450270652,0.23921855837106704,0.3031902745366096,0.6996328100562096,0.46877951771020887,0.7178879231214523,0.9728231325745582,0.9946982204914093,0.025437626428902148,0.046793609950691456,-0.24001695737242698,0.35550307780504226,-0.19209844581782817,0.27608712837100025,-0.3474516302347183,0.14300362318754192,0.8623609483242035,1.3148485094308853,0.72140324562788,1.0711003184318542,0.7239616587758064,1.074509185552597,0.9688525,0.021012668,0.06526999,0.037676904,-0.07729052,1.0207655,0.8516369,0.86742324,5000,50
0.21689999,0.40750462,0.5682487,0.9678007,0.015624711,-0.03397638,0.22417308,-0.03513892,0.89442027,0.9725525,1.0044265,0.0008423841,0.008170056,1.0481595e-05,9.892118e-06,0.016770935,0.01931955,0.01927156,0.008503089,0.009196366,0.011650922,0.17136610858142376,0.2889903113245964,0.25659371837973594,0.5959646716713906,0.4573929741978645,0.702218872308731,0.9626100346446037,0.9761135175824165,0.01096225439105183,0.023614072473719716,-0.2938980862498283,0.2057626176625489,-0.03474834486842155,0.48343464732170105,-0.31018513068556786,0.22187908813357346,0.7321307241916657,1.102555301785469,0.8069770202040673,1.173710435628891,0.8313797295093537,1.2410748839378356,0.96752834,0.01634662,-0.030181604,0.21337062,-0.019740192,0.8674387,0.9385697,0.97214323,5000,50
0.22395173,0.43092054,0.45066208,0.97275835,0.036245693,0.29101813,0.3882286,-0.1428361,0.9156865,1.0529976,1.2588606,0.00093958766,0.009229908,0.000111079025,6.467853e-05,0.015734827,0.022854535,0.03375811,0.009149795,0.012569497,0.018847823,0.17479897290468216,0.2987894281744957,0.26983440220355986,0.6327707573771476,0.3706151105463505,0.5528660297393799,0.9560430273413658,0.9933758810162544,0.023191768536344172,0.05262757204473018,0.03306263610720635,0.5219392329454421,0.08250543773174288,0.6869054034352302,-0.5044094800949097,0.24918008223176,0.7487490624189377,1.1270292937755582,0.8609182789921761,1.3054243922233582,1.0285567581653594,1.5572931170463558,0.9578187,0.023875305,0.28027537,0.37943366,-0.14196055,0.8816891,1.0087689,1.2145926,5000,50
0.20586644,0.5271735,0.5682841,0.9743703,0.02626634,-0.0051323064,0.046320833,-0.23036528,1.0800091,1.0080633,1.1436452,0.00056246656,0.0174989,5.8475503e-05,3.176848e-05,0.023603024,0.019841047,0.028292695,0.012787947,0.011139826,0.015893236,0.17033428512513638,0.26260964572429657,0.3118353895843029,0.8234347403049468,0.46024627462029455,0.6976522877812386,0.9630389258265495,0.9921919599175453,0.017714586341753602,0.039219568483531475,-0.32150084152817726,0.2758645340800283,-0.22008633576333522,0.32951232641935346,-0.5740200072526932,0.09278268665075291,0.8701499581336976,1.3198862969875336,0.8251797139644623,1.2502186328172682,0.9312812089920044,1.4251454085111617,0.96376705,0.020877972,-0.0056470204,0.060329217,-0.23579784,1.0570191,0.97226715,1.0901489,5000,50
0.17234476,0.5252427,0.57668686,0.9768902,0.020839235,-0.16946794,0.19768734,0.11909234,1.0769854,1.0338848,1.1114126,0.00029216908,0.012800866,5.4787026e-05,2.6669422e-05,0.023486424,0.021331396,0.023625711,0.012220506,0.0119365165,0.013200974,0.14378751143813134,0.20853812135756017,0.32661962062120437,0.7755323082208633,0.468981409817934,0.7134026944637298,0.966638833284378,0.9940157651901245,0.013038499117828905,0.032490106858313085,-0.46642609387636186,0.12656159810721865,-0.09307819344103337,0.4818132989108562,-0.1994633987545967,0.4106449656188488,0.8904709070920944,1.3135349422693252,0.845492596924305,1.2827970921993255,0.9193014487624168,1.3783188134431839,0.9694293,0.01639268,-0.16434616,0.19498211,0.11704163,1.032828,0.98956853,1.0767453,5000,50
0.20302807,0.32872438,0.5655796,0.97834074,0.03328354,0.22774741,0.10238852,-0.18621318,0.952372,1.0709839,0.8729018,0.0009426034,0.004884396,8.421249e-05,4.014912e-05,0.017179329,0.023142286,0.015480818,0.00914063,0.011796197,0.008197873,0.15751009844243527,0.2745537042617798,0.21334125362336637,0.484420794993639,0.4593848571181297,0.6994449406862259,0.9618973299860955,0.9941351041197777,0.022032729955390094,0.04635189482942223,-0.02148991897702217,0.4956190854310988,-0.18913532830774785,0.4106355294585228,-0.4238003917038441,0.04718847572803494,0.7996015280485154,1.1582559525966643,0.8935069411993026,1.30765480697155,0.7118090599775314,1.0616441309452056,0.96355647,0.02290467,0.23316346,0.11191107,-0.17711137,0.92790127,1.036563,0.8387133,5000,50
0.1899676,0.51645863,0.47422352,0.98164093,0.035679568,-0.037222765,0.3636123,0.024823958,0.826918,1.1371193,1.0520258,0.0004663474,0.013742652,6.167956e-05,3.806489e-05,0.0147197535,0.025452828,0.022820836,0.0077013085,0.014724178,0.011995258,0.1572386033833027,0.24258875027298926,0.31399221047759057,0.7788108825683593,0.3781228058040142,0.5808183014392853,0.9652851104736329,0.9941206082701683,0.024289308907464148,0.048051306698471304,-0.2747882068157196,0.21169153265655039,0.05899375379085544,0.6729930818080901,-0.253207328915596,0.3114066682755947,0.683310654759407,1.0253347396850585,0.9255881145596504,1.4155560851097106,0.8757950678467751,1.2878091752529144,0.96507627,0.020791365,-0.035299443,0.36672828,0.011021947,0.8052629,1.0917115,1.0219951,5000,50
0.19137563,0.5362594,0.52943635,0.978935,0.032972038,0.11991953,0.20987697,-0.10836975,0.8768389,1.0929399,0.863345,0.00042783484,0.01323135,8.512715e-05,4.067038e-05,0.0153034665,0.025387567,0.014642356,0.008312516,0.013134522,0.007824317,0.15802900604903697,0.2429531678557396,0.3445025697350502,0.783998729288578,0.4253031320869923,0.6481005862355232,0.9629102557897568,0.9944510638713837,0.02197610945440829,0.04662331696599722,-0.11464823130518198,0.3649001397192478,-0.10750024802982808,0.5187724754214287,-0.3436226762831211,0.1371413793414831,0.7214108914136886,1.0808049082756042,0.8967444792389869,1.3389084368944169,0.7186747759580612,1.0597268402576447,0.96286404,0.021638393,0.11214319,0.20691293,-0.10074421,0.82307965,1.0482094,0.8253615,5000,50
0.21066307,0.3794211,0.5700326,0.9827331,0.028389327,-0.16433562,-0.13963903,0.10298974,0.8133838,1.0833278,1.0056254,0.0009575093,0.0073566157,5.767495e-05,2.530569e-05,0.014234835,0.02318619,0.020534148,0.007244211,0.013421626,0.011586665,0.1638682432472706,0.2866883732378482,0.23452446274459363,0.5736054584383965,0.47039076015353204,0.7154898971319198,0.9688431814312934,0.9945008859038353,0.019408148899674415,0.03853906635195017,-0.3967480681836605,0.06772615611553191,-0.449308417737484,0.16513881236314765,-0.17983194552361964,0.37862966731190656,0.665048711001873,0.9910668343305588,0.8874300047755241,1.3405693262815475,0.8233398362994194,1.243106460571289,0.9684811,0.018556362,-0.15884858,-0.13480568,0.100452326,0.77183425,1.0212516,0.94987166,5000,50
0.2101171,0.41612247,0.5576861,0.97942996,0.038610604,-0.038797673,-0.015982797,0.15785748,0.96084356,0.8902992,1.1170068,0.0008824805,0.0091226045,8.9415626e-05,4.3077547e-05,0.018676473,0.016604124,0.025471974,0.009859075,0.007868388,0.014144491,0.16745250783860682,0.2790226340293884,0.2491010267287493,0.6068935781717301,0.4497621528804302,0.7010153472423554,0.9610646054148674,0.9942044541239738,0.026332845399156212,0.05189161505550146,-0.3009039334952831,0.22745634913444515,-0.2839058004319668,0.24822723567485808,-0.15383797660470008,0.47175619527697554,0.7834564089775086,1.186552494764328,0.7408205896615982,1.0835056751966476,0.9194544672966003,1.3857996523380278,0.9603445,0.022962965,-0.043279283,-0.011157546,0.14266463,0.92097145,0.8609745,1.0794436,5000,50
0.18426067,0.30985162,0.4492583,0.9708964,0.021512546,-0.14708158,0.2647924,-0.047955103,1.2353499,1.0151675,1.0556109,0.0007325025,0.004162669,3.3012297e-05,2.2318492e-05,0.032449048,0.021848446,0.023000397,0.017023867,0.011235652,0.012089743,0.14459726288914682,0.24964417293667793,0.20196631401777268,0.4519044250249863,0.3628563769161701,0.5672205001115799,0.9625162124633789,0.9857665508985519,0.01443541944026947,0.03386203022673726,-0.4865373164415359,0.21273961067199704,-0.019621429219841956,0.5275523766875265,-0.3454750217497349,0.24077494591474527,1.0137178778648377,1.514736998081207,0.8246033325791359,1.2380140006542206,0.8628731399774552,1.2769433557987213,0.96613944,0.0195824,-0.13962606,0.25006506,-0.049029984,1.1790972,0.9777904,1.0292695,5000,50
0.20994696,0.519011,0.51659036,0.9755429,0.033957087,0.041292466,0.20610626,-0.10430295,1.1786157,0.9044788,0.9824561,0.0005442843,0.012162504,8.7661705e-05,4.413119e-05,0.025299722,0.016737377,0.018535806,0.013805642,0.008790263,0.010135487,0.17050383165478705,0.26718311458826066,0.33426390737295153,0.7576931193470954,0.42383469492197035,0.6345915988087654,0.9598426461219788,0.9934820368885994,0.022301035374403,0.047567783202975986,-0.26491073668003084,0.3403766594827175,-0.047438620403409,0.45913151949644077,-0.37329606860876086,0.14684131108224388,0.9708661437034607,1.4243693828582762,0.7406430244445801,1.100660189986229,0.8071822091937065,1.209279054403305,0.9625381,0.020419719,0.033227723,0.19738464,-0.09090885,1.1380965,0.8842338,0.9472823,5000,50
0.19568293,0.36354187,0.52243876,0.9779224,0.028545791,-0.024894662,0.38396993,0.044211984,1.0114118,0.9702543,0.998379,0.0007299117,0.007420837,6.211172e-05,3.0838906e-05,0.021557314,0.019715901,0.020343103,0.011109169,0.010819617,0.011034512,0.15297448225319385,0.2517811208963394,0.22749499715864657,0.5644050970673561,0.42357934415340426,0.6420071646571159,0.9646209940314293,0.993295207619667,0.018791287671774626,0.03979722941294313,-0.32077871933579444,0.25121510103344913,0.12414679974317551,0.6584686920046806,-0.2405742798000574,0.3295575700700282,0.8276498228311538,1.2332524001598357,0.8051723226904869,1.2059115380048753,0.813888992369175,1.2254592567682265,0.96472466,0.021649819,-0.026380014,0.39786583,0.048184503,0.97431624,0.9487507,0.9543283,5000,50
0.2172537,0.4412201,0.57292944,0.97365874,0.038960688,0.13063166,0.50431514,-0.47612056,0.99196696,1.0036349,0.9333569,0.000752093,0.007654309,0.00011342711,5.6844005e-05,0.02024739,0.020023784,0.018548364,0.011095692,0.00943543,0.009133551,0.1738114956766367,0.2775966182351112,0.28481910154223444,0.623428639769554,0.4615565985441208,0.7016993373632431,0.9566796958446503,0.9935765907168388,0.026644426072016357,0.05487011494114994,-0.14930152669548988,0.41728766858577726,0.21745249927043916,0.7802764862775802,-0.7470417946577073,-0.21156021505594255,0.812590092420578,1.2309854090213774,0.8334007665514946,1.212182134389877,0.7737277776002884,1.1482119768857957,0.95748687,0.024438731,0.12627324,0.49598122,-0.478562,0.96787506,0.9890458,0.91735816,5000,50
0.20449454,0.4402777,0.52000713,0.9755784,0.028078835,-0.12256366,0.37381586,-0.054957185,1.0360789,1.2112948,1.051263,0.00065731717,0.0097507,7.111745e-05,3.878793e-05,0.020121232,0.02767181,0.023521423,0.011725177,0.0152501175,0.01141367,0.1654262699186802,0.2666248619556427,0.27486263811588285,0.6570871323347092,0.4183556094765663,0.6524739980697631,0.9625525727868081,0.9931086108088494,0.01790121798403561,0.041564072575420136,-0.39232421666383743,0.14333180189132685,0.0433734379708767,0.6932925313711165,-0.3471591301262379,0.24979750700294945,0.851416565477848,1.2646301925182342,1.0012206852436065,1.4744480431079863,0.873135955631733,1.2862408816814421,0.96501034,0.019104226,-0.124291055,0.3710924,-0.052002046,0.98527354,1.1669077,1.0059835,5000,50
